177.07,200,177.07,-8500,177.07,-11500
177.47,200,177.47,-8500,177.47,-11500
177.86,200,177.86,-8500,177.86,-11500
178.25,13.441,178.25,19.355,178.25,7.527
178.64,-198.485,178.64,-131.818,178.64,-192.424
179.03,-221.739,179.03,-195.652,179.03,230.435
179.42,-1842.857,179.42,-2971.429,179.42,-2328.571
179.81,100.826,179.81,51.24,179.81,82.645
180.2,342.857,180.2,71.429,180.2,1100
180.59,-90.566,180.59,203.774,180.59,122.642
180.98,17.241,180.98,167.241,180.98,165.517
181.37,159.459,181.37,254.054,181.37,394.595
181.76,-494.118,181.76,100,181.76,-411.765
182.15,36.508,182.15,0.794,182.15,-71.429
182.54,84.404,182.54,81.651,182.54,55.963
182.93,-146.032,182.93,-266.667,182.93,-319.048
183.32,169.231,183.32,669.231,183.32,233.333
183.71,-23.188,183.71,263.768,183.71,169.565
184.1,45.205,184.1,33.562,184.1,63.014
184.49,-47.761,184.49,38.806,184.49,-38.806
184.88,-500,184.88,-533.333,184.88,133.333
185.27,264.516,185.27,308.065,185.27,333.871
185.66,-128.571,185.66,985.714,185.66,3042.857
186.05,75.833,186.05,40.833,186.05,100.833
186.44,-93.333,186.44,-173.333,186.44,-117.778
186.83,47.468,186.83,20.253,186.83,5.063
187.22,72.483,187.22,72.483,187.22,7.383
187.61,181.818,187.61,76.364,187.61,208.182
188,-235.714,188,-532.143,188,-375
188.39,0,188.39,27.7,188.39,-10.798
188.78,6.723,188.78,0.84,188.78,-93.277
189.17,1.493,189.17,0,189.17,-146.269
189.56,-42.857,189.56,-9.714,189.56,-69.143
189.95,52.475,189.95,-80.198,189.95,-135.644
190.34,10.588,190.34,3.529,190.34,-16.471
190.73,106.299,190.73,25.197,190.73,-16.535
191.12,0.5,191.12,21.5,191.12,-11.5
191.51,42.857,191.51,139.286,191.51,-85.714
191.9,-71.034,191.9,-23.448,191.9,-15.862
192.29,-16.667,192.29,2.381,192.29,-161.905
192.68,95,192.68,-287.5,192.68,-40
193.07,57.143,193.07,-15.873,193.07,-53.968
193.46,28.319,193.46,54.425,193.46,23.009
193.84,100,193.84,112.766,193.84,-2.128
194.23,50,194.23,35.345,194.23,18.103
194.62,47.34,194.62,-5.851,194.62,48.936
195.01,19.718,195.01,32.394,195.01,-38.028
195.4,4.959,195.4,38.017,195.4,-12.81
195.79,37.234,195.79,94.149,195.79,14.894
196.18,46.602,196.18,10.68,196.18,-85.437
196.57,25.431,196.57,28.448,196.57,6.466
196.96,41.751,196.96,16.162,196.96,-14.815
197.35,-7.96,197.35,-20.398,197.35,-6.965
197.73,155.696,197.73,-13.924,197.73,106.329
198.12,61.765,198.12,5.882,198.12,8.824
198.51,82.734,198.51,55.396,198.51,-17.986
198.9,23.353,198.9,-17.964,198.9,-26.946
199.29,90.811,199.29,41.081,199.29,-7.027
199.68,21.642,199.68,45.522,199.68,12.687
200.07,62.209,200.07,17.442,200.07,54.651
200.45,-77.895,200.45,48.421,200.45,-49.474
200.84,-3.65,200.84,-10.949,200.84,35.401
201.23,-15.354,201.23,-31.496,201.23,-68.11
201.62,-433.333,201.62,66.667,201.62,-1833.333
202.01,81.05,202.01,14.869,202.01,62.099
202.4,-61.446,202.4,-51.807,202.4,-83.133
202.79,-20.115,202.79,35.632,202.79,-74.138
203.17,15.429,203.17,-5.714,203.17,-17.714
203.56,4.633,203.56,-31.274,203.56,-5.019
203.95,45.652,203.95,81.304,203.95,79.565
204.34,23.684,204.34,221.053,204.34,-286.842
204.73,260,204.73,86.667,204.73,148.333
205.11,3080,205.11,3300,205.11,1920
205.5,35.266,205.5,-3.865,205.5,44.928
205.89,72.34,205.89,6.383,205.89,-102.128
206.28,106.25,206.28,-38.393,206.28,-17.857
206.67,27.184,206.67,11.65,206.67,-41.262
207.05,-13.439,207.05,12.253,207.05,-2.372
207.44,97.368,207.44,-117.105,207.44,-30.263
207.83,-236.709,207.83,-54.43,207.83,-156.962
208.22,238.947,208.22,262.105,208.22,10.526
208.61,54.589,208.61,-1.449,208.61,-32.367
208.99,101.01,208.99,-46.465,208.99,-137.374
209.38,52.788,209.38,40.52,209.38,-8.178
209.77,122.439,209.77,4.878,209.77,60.488
210.16,72.519,210.16,19.084,210.16,-102.29
210.54,0.676,210.54,-91.216,210.54,-56.757
210.93,-359.091,210.93,-400,210.93,-695.455
211.32,-37.063,211.32,-65.035,211.32,-62.238
211.71,20.408,211.71,-1.224,211.71,16.735
212.09,-94.444,212.09,-405.556,212.09,-300
212.48,-72,212.48,-68,212.48,-150
212.87,74.194,212.87,-175.806,212.87,-58.065
213.26,62.393,213.26,30.769,213.26,-130.769
213.64,17.004,213.64,-29.555,213.64,21.862
214.03,20.325,214.03,-8.537,214.03,-16.26
214.42,27.119,214.42,85.311,214.42,46.328
214.8,23.864,214.8,67.045,214.8,-28.409
215.19,25.283,215.19,76.981,215.19,-33.208
215.58,9.821,215.58,0.893,215.58,-47.321
215.97,67.568,215.97,-7.722,215.97,-20.077
216.35,54.217,216.35,62.651,216.35,18.675
216.74,34.742,216.74,36.15,216.74,31.925
217.13,-133.803,217.13,-154.93,217.13,-205.634
217.51,354.545,217.51,209.091,217.51,627.273
217.9,-9.569,217.9,-12.44,217.9,14.354
218.29,-101.818,218.29,87.273,218.29,-220
218.67,-7.742,218.67,34.194,218.67,-47.097
219.06,8.969,219.06,0.897,219.06,-7.175
219.45,68.59,219.45,56.731,219.45,26.282
219.83,68.531,219.83,64.685,219.83,42.308
220.22,-385.417,220.22,-129.167,220.22,-216.667
220.61,-1.111,220.61,-51.111,220.61,-74.444
220.99,63.095,220.99,71.032,220.99,41.27
221.38,9.722,221.38,27.778,221.38,-54.861
221.77,12.1,221.77,-17.794,221.77,-4.982
222.15,-20.818,222.15,-26.022,222.15,-3.346
222.54,6.186,222.54,42.268,222.54,31.959
222.92,-64.324,222.92,-17.297,222.92,-47.027
223.31,18.487,223.31,0.84,223.31,23.109
223.7,22.703,223.7,-121.081,223.7,-48.108
224.08,4.62,224.08,18.812,224.08,-20.132
224.47,-12.5,224.47,24.728,224.47,2.989
224.86,-39.496,224.86,-5.462,224.86,-64.286
225.24,-26.699,225.24,17.476,225.24,-40.777
225.63,17.367,225.63,26.331,225.63,-36.415
226.01,-3.881,226.01,18.209,226.01,2.388
226.4,-48.387,226.4,-8.065,226.4,-52.151
226.79,4.644,226.79,27.864,226.79,-8.669
227.17,-247.826,227.17,-8.696,227.17,-226.087
227.56,8.824,227.56,-0.452,227.56,-7.24
227.94,20.796,227.94,10.127,227.94,2.712
228.33,-5.652,228.33,-30,228.33,-37.826
228.71,-8.987,228.71,-8.702,228.71,-25.963
229.1,-8.933,229.1,-36.933,229.1,-29.333
229.49,-17.462,229.49,-17.939,229.49,-26.718
229.87,-28.417,229.87,-17.266,229.87,-25.629
230.26,-9.795,230.26,-12.912,230.26,-17.275
230.64,-14.612,230.64,-28.082,230.64,-26.027
231.03,-14.157,231.03,-25.997,231.03,-33.977
231.41,-25.638,231.41,-33.154,231.41,-21.879
231.8,-33.643,231.8,-24.341,231.8,-37.054
232.18,-14.732,232.18,-34.226,232.18,-29.464
232.57,7.606,232.57,-1.87,232.57,-3.741
232.96,-20.879,232.96,-29.258,232.96,-18.269
233.34,-18.209,233.34,-33.48,233.34,-25.551
233.73,-17.348,233.73,10.161,233.73,-9.913
234.11,4.47,234.11,-3.79,234.11,-17.201
234.5,-7.805,234.5,-0.732,234.5,-18.537
234.88,-9.684,234.88,-9.368,234.88,-10.526
235.27,-7.371,235.27,-18.922,235.27,-12.541
235.65,-14.737,235.65,-18.105,235.65,-15.474
236.04,-10.92,236.04,-21.034,236.04,-17.471
236.42,-10.41,236.42,-9.043,236.42,-34.175
236.81,-28.4,236.81,-26.667,236.81,-24
237.19,-19.264,237.19,-11.255,237.19,-24.242
237.58,-3.838,237.58,1.313,237.58,-20.606
237.96,-7.215,237.96,-0.183,237.96,-1.826
238.35,-8.14,238.35,1.878,238.35,-10.912
238.73,-11.759,238.73,5.652,238.73,-0.456
239.11,-10.595,239.11,-12.175,239.11,-24.071
239.5,-9.42,239.5,-8.213,239.5,-15.62
239.88,-10.315,239.88,-15.035,239.88,-17.133
240.27,-16.924,240.27,-1.913,240.27,-11.553
240.65,-13.122,240.65,-12.419,240.65,-16.462
241.04,-11.337,241.04,-13.198,241.04,-18.837
241.42,-10.395,241.42,-13.391,241.42,-16.024
241.81,-12.338,241.81,-11.653,241.81,-13.785
242.19,-20.053,242.19,-18.426,242.19,-21.879
242.57,-16.014,242.57,-13.093,242.57,-16.235
242.96,-13.763,242.96,-15.833,242.96,-15.924
243.34,-10.937,243.34,-14.139,243.34,-12.941
243.73,-10.922,243.73,-10.745,243.73,-12.934
244.11,-12.292,244.11,-14.063,244.11,-16.231
244.5,-12.873,244.5,-12.935,244.5,-13.682
244.88,-13.566,244.88,-13.854,244.88,-13.206
245.26,-9.95,245.26,-9.22,245.26,-10.296
245.65,-16.505,245.65,-12.332,245.65,-12.332
246.03,-5.993,246.03,-10.72,246.03,-7.692
246.42,-11.705,246.42,-15.061,246.42,-15.313
246.8,-13.123,246.8,-12.084,246.8,-14.603
247.18,-9.962,247.18,-12.724,247.18,-11.834
247.57,-13.238,247.57,-14.544,247.57,-13.565
247.95,-12.546,247.95,-13.414,247.95,-13.107
248.33,-14.039,248.33,-13.735,248.33,-13.529
248.72,-13.046,248.72,-12.479,248.72,-13.324
249.1,-13.326,249.1,-14.741,249.1,-13.941
249.49,-10.481,249.49,-11.711,249.49,-12.432
249.87,-14.401,249.87,-15.204,249.87,-18.228
250.25,-11.846,250.25,-13.582,250.25,-10.087
250.64,-15.114,250.64,-11.239,250.64,-11.239
251.02,-13.38,251.02,-11.205,251.02,-9.363
251.4,-11.59,251.4,-10.095,251.4,-12.885
251.79,-11.259,251.79,-11.837,251.79,-10.229
252.17,-10.645,252.17,-11.083,252.17,-12.357
252.55,-10.773,252.55,-10.704,252.55,-13.414
252.94,-11.198,252.94,-11.062,252.94,-10.772
253.32,-11.559,253.32,-13.306,253.32,-11.667
253.7,-5.975,253.7,-7.248,253.7,-8.83
254.09,-7.541,254.09,-10.858,254.09,-7.411
254.47,-10.147,254.47,-10.941,254.47,-13.794
254.85,-7.511,254.85,-9.707,254.85,-12.031
255.24,-10.178,255.24,-7.506,255.24,-8.556
255.62,-7.363,255.62,-8.45,255.62,-10.966
256,-4.728,256,-6.134,256,-4.01
256.38,-10.227,256.38,-6.45,256.38,-8.999
256.77,-11.432,256.77,-9.332,256.77,-13.532
257.15,-8.636,257.15,-8.375,257.15,-11.792
257.53,-7.589,257.53,-5.619,257.53,-11.117
257.92,-9.957,257.92,-11.285,257.92,-14.154
258.3,-9.365,258.3,-8.762,258.3,-8.659
258.68,-9.904,258.68,-9.981,258.68,-12.457
259.06,-9.606,259.06,-9.15,259.06,-9.543
259.45,-10.05,259.45,-9.269,259.45,-8.897
259.83,-11.078,259.83,-10.537,259.83,-11.439
260.21,-10.443,260.21,-11.317,260.21,-12.481
260.59,-10.218,260.59,-10.696,260.59,-10.766
260.98,-10.414,260.98,-10.175,260.98,-11.462
261.36,-8.85,261.36,-8.369,261.36,-9.111
261.74,-8.497,261.74,-10.204,261.74,-11.585
262.12,-11.903,262.12,-10.833,262.12,-12.999
262.5,-10.573,262.5,-11.844,262.5,-12.751
262.89,-7.344,262.89,-8.615,262.89,-8.925
263.27,-10.47,263.27,-8.071,263.27,-9.935
263.65,-9.151,263.65,-8.787,263.65,-11.296
264.03,-9.286,264.03,-9.342,264.03,-10.65
264.42,-14.428,264.42,-10.513,264.42,-11.745
264.8,-10.467,264.8,-11.912,264.8,-13.254
265.18,-14.953,265.18,-14.292,265.18,-12.112
265.56,-10.275,265.56,-11.984,265.56,-12.452
265.94,-9.81,265.94,-10.266,265.94,-10.664
266.33,-12.025,266.33,-11.356,266.33,-12.887
266.71,-10.699,266.71,-9.894,266.71,-10.731
267.09,-11.463,267.09,-12.995,267.09,-12.055
267.47,-10.013,267.47,-9.119,267.47,-10.214
267.85,-10.843,267.85,-9.911,267.85,-11.337
268.23,-11.306,268.23,-9.54,268.23,-11.124
268.62,-9.531,268.62,-8.885,268.62,-9.054
269,-9.983,269,-10.666,269,-10.987
269.38,-10.505,269.38,-10.088,269.38,-11.926
269.76,-8.797,269.76,-8.766,269.76,-10.86
270.14,-7.985,270.14,-8.869,270.14,-9.513
270.52,-8.308,270.52,-12.009,270.52,-9.444
270.9,-10.876,270.9,-11.695,270.9,-11.308
271.29,-9.904,271.29,-9.633,271.29,-11.338
271.67,-9.898,271.67,-10.052,271.67,-11.045
272.05,-9.448,272.05,-9.57,272.05,-10.623
272.43,-8.485,272.43,-8.998,272.43,-9.041
272.81,-9.596,272.81,-10.227,272.81,-10.216
273.19,-11.292,273.19,-9.128,273.19,-12.116
273.57,-9.461,273.57,-9.438,273.57,-11.683
273.95,-9.515,273.95,-9.34,273.95,-9.294
274.34,-9.887,274.34,-9.541,274.34,-9.899
274.72,-11.114,274.72,-10.8,274.72,-12.805
275.1,-8.421,275.1,-9.353,275.1,-10.937
275.48,-9.447,275.48,-7.619,275.48,-8.877
275.86,-8.034,275.86,-9.725,275.86,-10.518
276.24,-9.922,276.24,-10.177,276.24,-10.913
276.62,-9.619,276.62,-11.746,276.62,-10.963
277,-7.886,277,-7.09,277,-9.136
277.38,-10.066,277.38,-9.581,277.38,-10.83
277.76,-8.362,277.76,-10.962,277.76,-11.221
278.14,-7.487,278.14,-8.165,278.14,-8.045
278.52,-8.35,278.52,-8.772,278.52,-9.038
278.9,-10.555,278.9,-11.157,278.9,-10.428
279.28,-9.638,279.28,-9.199,279.28,-9.573
279.67,-8.603,279.67,-8.94,279.67,-9.793
280.05,-12.494,280.05,-10.926,280.05,-10.726
280.43,-7.238,280.43,-8.753,280.43,-7.238
280.81,-8.145,280.81,-8.188,280.81,-9.894
281.19,-9.922,281.19,-9.837,281.19,-12.551
281.57,-9.43,281.57,-9.302,281.57,-11.268
281.95,-9.321,281.95,-9.76,281.95,-8.522
282.33,-9.574,282.33,-9.232,282.33,-10.067
282.71,-8.361,282.71,-8.542,282.71,-9.697
283.09,-11.349,283.09,-11.577,283.09,-11.666
283.47,-9.887,283.47,-10.1,283.47,-11.539
283.85,-9.638,283.85,-9.014,283.85,-9.807
284.23,-8.785,284.23,-8.962,284.23,-9.654
284.61,-9.632,284.61,-9.085,284.61,-8.775
284.99,-9.384,284.99,-9.185,284.99,-8.962
285.37,-9.133,285.37,-9.067,285.37,-9.1
285.75,-8.718,285.75,-9.397,285.75,-9.47
286.13,-9.075,286.13,-9.809,286.13,-8.889
286.51,-8.996,286.51,-8.613,286.51,-9.944
286.89,-8.879,286.89,-8.928,286.89,-8.553
287.27,-6.807,287.27,-7.409,287.27,-7.766
287.65,-9.421,287.65,-7.885,287.65,-9.739
288.02,-8.222,288.02,-8.752,288.02,-9.801
288.4,-10.395,288.4,-10.62,288.4,-11.069
288.78,-9.266,288.78,-9.094,288.78,-10.384
289.16,-6.572,289.16,-8.412,289.16,-8.437
289.54,-10.136,289.54,-8.803,289.54,-10.97
289.92,-10.164,289.92,-9.441,289.92,-9.971
290.3,-8.083,290.3,-9.066,290.3,-10.781
290.68,-10.027,290.68,-9.192,290.68,-9.94
291.06,-7.779,291.06,-8.495,291.06,-9.114
291.44,-9.421,291.44,-10.371,291.44,-11.185
291.82,-8.809,291.82,-9.655,291.82,-10.031
292.2,-8.993,292.2,-7.82,292.2,-9.117
292.58,-11.788,292.58,-8.185,292.58,-11.626
292.96,-11.229,292.96,-7.425,292.96,-9.871
293.33,-4.651,293.33,-6.188,293.33,-6.797
293.71,-9.507,293.71,-10.298,293.71,-11.031
294.09,-10.922,294.09,-10.286,294.09,-10.742
294.47,-8.584,294.47,-9.889,294.47,-10.659
294.85,-10.276,294.85,-10.363,294.85,-9.689
295.23,-9.066,295.23,-8.213,295.23,-9.462
295.61,-10.652,295.61,-8.932,295.61,-8.995
295.99,-8.163,295.99,-8.057,295.99,-8.447
296.37,-7.804,296.37,-8.459,296.37,-9.815
296.74,-9.419,296.74,-9.961,296.74,-10.575
297.12,-9.645,297.12,-10.888,297.12,-11.542
297.5,-10.348,297.5,-10.471,297.5,-10.093
297.88,-9.631,297.88,-10.775,297.88,-11.262
298.26,-9.337,298.26,-8.669,298.26,-9.765
298.64,-8.838,298.64,-10,298.64,-8.875
299.01,-6.999,299.01,-7.616,299.01,-8.607
299.39,-9,299.39,-9.491,299.39,-9.709
299.77,-10.782,299.77,-9.097,299.77,-9.945
300.15,-8.306,300.15,-10.239,300.15,-8.685
300.53,-8,300.53,-8.259,300.53,-7.337
300.91,-8.126,300.91,-8.164,300.91,-8.225
301.28,-10.519,301.28,-8.923,301.28,-9.702
301.66,-8.685,301.66,-8.673,301.66,-10.069
302.04,-9.179,302.04,-7.173,302.04,-7.745
302.42,-8.015,302.42,-10.119,302.42,-10.119
302.8,-8.692,302.8,-8.024,302.8,-9.772
303.17,-6.849,303.17,-8.835,303.17,-8.122
303.55,-5.371,303.55,-7.635,303.55,-8.345
303.93,-9.86,303.93,-10.069,303.93,-10.2
304.31,-7.428,304.31,-8.072,304.31,-7.744
304.69,-7.841,304.69,-8.817,304.69,-9.53
305.06,-8.92,305.06,-8.596,305.06,-8.982
305.44,-8.12,305.44,-7.178,305.44,-9.431
305.82,-8.502,305.82,-8.053,305.82,-8.579
306.2,-8.663,306.2,-9.017,306.2,-10.662
306.57,-7.238,306.57,-7.238,306.57,-6.366
306.95,-5.608,306.95,-6.099,306.95,-7.507
307.33,-8.001,307.33,-8.907,307.33,-9.19
307.71,-9.018,307.71,-8.769,307.71,-10.47
308.08,-7.911,308.08,-8.556,308.08,-8.885
308.46,-7.252,308.46,-6.956,308.46,-9.687
308.84,-8.429,308.84,-8.501,308.84,-8.912
309.22,-8.667,309.22,-9.885,309.22,-8.574
309.59,-6.696,309.59,-7.821,309.59,-7.966
309.97,-6.744,309.97,-5.965,309.97,-7.686
310.35,-7.865,310.35,-8.274,310.35,-9.093
310.72,-8.693,310.72,-9.067,310.72,-8.742
311.1,-8.61,311.1,-8.85,311.1,-8.418
311.48,-8.271,311.48,-7.173,311.48,-7.992
311.86,-8.208,311.86,-8.109,311.86,-7.564
312.23,-9.529,312.23,-9.285,312.23,-10.037
312.61,-6.594,312.61,-7.696,312.61,-7.474
312.99,-7.98,312.99,-7.798,312.99,-8.515
313.36,-6.338,313.36,-7.602,313.36,-7.711
313.74,-7.389,313.74,-7.03,313.74,-8.222
314.12,-8.977,314.12,-7.139,314.12,-8.792
314.49,-5.07,314.49,-6.307,314.49,-8.121
314.87,-5.04,314.87,-5.005,314.87,-5.579
315.25,-5.876,315.25,-7.12,315.25,-6.593
315.62,-7.018,315.62,-7.406,315.62,-7.147
316,-5.722,316,-5.556,316,-6.849
316.38,-2.098,316.38,-2.904,316.38,-1.648
316.75,-2.768,316.75,-4.975,316.75,-4.756
317.13,-4.122,317.13,-4.411,317.13,-5.205
317.51,-5.872,317.51,-4.73,317.51,-3.873
317.88,-1.975,317.88,-3.194,317.88,-2.28
318.26,-1.173,318.26,-0.611,318.26,-0.318
318.64,0.087,318.64,-2.129,318.64,-1.407
319.01,-2.139,319.01,-2.699,319.01,-2.624
319.39,-2.596,319.39,-1.092,319.39,-1.735
319.76,-0.311,319.76,0.888,319.76,0.035
320.14,1.376,320.14,-1.34,320.14,1.149
320.52,2.086,320.52,1.478,320.52,1.824
320.89,1.06,320.89,1.533,320.89,1.122
321.27,0.83,321.27,0.541,321.27,1.781
321.64,3.381,321.64,3.064,321.64,2.551
322.02,2.211,322.02,3.028,322.02,2.271
322.4,0.804,322.4,1.548,322.4,3.695
322.77,2.592,322.77,0.879,322.77,3.113
323.15,1.819,323.15,3.134,323.15,2.925
323.52,3.783,323.52,1.996,323.52,4.327
323.9,3.552,323.9,4.53,323.9,4.181
324.27,1.372,324.27,2.744,324.27,2.964
324.65,2.033,324.65,2.714,324.65,3.1
325.03,5.145,325.03,4.56,325.03,4.702
325.4,3.965,325.4,3.073,325.4,5.336
325.78,3.827,325.78,4.14,325.78,4.966
326.15,4.319,326.15,5.167,326.15,5.559
326.53,3.817,326.53,4.174,326.53,4.728
326.9,3.867,326.9,3.267,326.9,4.675
327.28,2.4,327.28,3.105,327.28,4.078
327.65,3.828,327.65,4.404,327.65,6.45
328.03,4.509,328.03,4.843,328.03,5.444
328.4,3.768,328.4,5.394,328.4,6.34
328.78,3.011,328.78,5.648,328.78,6.612
329.15,5.046,329.15,4.716,329.15,6.888
329.53,3.858,329.53,5.492,329.53,7.22
329.9,3.08,329.9,2.534,329.9,5.261
330.28,3.944,330.28,4.252,330.28,5.358
330.65,2.369,330.65,3.425,330.65,4.143
331.03,6.126,331.03,5.526,331.03,7.118
331.4,4.209,331.4,5.055,331.4,6.19
331.78,2.749,331.78,5.603,331.78,4.958
332.15,3.4,332.15,3.977,332.15,4.822
332.53,4.777,332.53,5.715,332.53,5.892
332.9,5.902,332.9,6.306,332.9,6.2
333.28,5.227,333.28,6.084,333.28,7.146
333.65,4.209,333.65,6.637,333.65,7.671
334.03,4.807,334.03,4.86,334.03,6.191
334.4,4.265,334.4,5.203,334.4,5.627
334.78,4.485,334.78,3.742,334.78,5.786
335.15,5.339,335.15,5.979,335.15,7.329
335.52,5.288,335.52,5.902,335.52,7.46
335.9,4.272,335.9,5.164,335.9,6.497
336.27,4.101,336.27,4.66,336.27,5.167
336.65,4.04,336.65,4.931,336.65,6.008
337.02,5.142,337.02,5.276,337.02,6.349
337.4,4.868,337.4,5.043,337.4,5.65
337.77,4.791,337.77,5.143,337.77,6.034
338.14,4.355,338.14,6.044,338.14,6.356
338.52,2.857,338.52,5.077,338.52,4.928
338.89,4.91,338.89,4.985,338.89,5.741
339.27,3.949,339.27,4.648,339.27,6.636
339.64,3.405,339.64,4.788,339.64,4.858
340.01,3.222,340.01,5.292,340.01,5.417
340.39,4.938,340.39,5.471,340.39,6.352
340.76,3.963,340.76,5.128,340.76,4.148
341.14,4.487,341.14,5.23,341.14,5.394
341.51,4.261,341.51,4.675,341.51,5.2
341.88,3.331,341.88,3.872,341.88,4.946
342.26,2.802,342.26,3.577,342.26,5.677
342.63,3.357,342.63,3.258,342.63,5.687
343,5.392,343,5.752,343,7.549
343.38,4.714,343.38,3.934,343.38,5.511
343.75,3.576,343.75,4.306,343.75,6.301
344.12,4.971,344.12,6.004,344.12,5.879
344.5,4.873,344.5,4.982,344.5,5.801
344.87,4.466,344.87,4.695,344.87,5.206
345.24,3.563,345.24,4.067,345.24,4.074
345.62,4.474,345.62,5.09,345.62,6.227
345.99,3.468,345.99,4.574,345.99,6.283
346.36,5.154,346.36,4.545,346.36,5.698
346.74,2.942,346.74,4.04,346.74,5.13
347.11,3.982,347.11,4.412,347.11,5.278
347.48,3.733,347.48,3.861,347.48,5.224
347.86,4.858,347.86,6.306,347.86,6.01
348.23,4.039,348.23,4.862,348.23,6.087
348.6,4.278,348.6,5.133,348.6,6.181
348.97,5.595,348.97,5.035,348.97,6.341
349.35,4.347,349.35,5.395,349.35,6.207
349.72,3.178,349.72,4.08,349.72,5.595
350.09,4.737,350.09,5.73,350.09,6.344
350.47,3.884,350.47,5.584,350.47,5.845
350.84,3.866,350.84,5.521,350.84,5.936
351.21,4.732,351.21,5.619,351.21,5.952
351.58,4.864,351.58,4.742,351.58,5.746
351.96,5.116,351.96,5.378,351.96,6.449
352.33,3.762,352.33,5.273,352.33,6.052
352.7,3.696,352.7,4.612,352.7,5.468
353.07,4.522,353.07,5.12,353.07,5.445
353.45,4.677,353.45,5.136,353.45,6.114
353.82,3.229,353.82,3.912,353.82,5.537
354.19,5.498,354.19,5.751,354.19,6.28
354.56,4.718,354.56,4.199,354.56,4.981
354.94,4.372,354.94,4.652,354.94,5.308
355.31,3.715,355.31,5.961,355.31,5.803
355.68,4.919,355.68,5.563,355.68,6.154
356.05,5.222,356.05,5.061,356.05,6.148
356.42,4.313,356.42,3.925,356.42,6.167
356.8,3.851,356.8,5.174,356.8,5.394
357.17,4.278,357.17,4.788,357.17,5.673
357.54,4.273,357.54,4.82,357.54,4.645
357.91,4.775,357.91,4.698,357.91,4.896
358.28,3.561,358.28,3.85,358.28,5.073
358.66,3.755,358.66,4.429,358.66,5.43
359.03,3.755,359.03,4.709,359.03,4.948
359.4,4.063,359.4,3.736,359.4,4.728
359.77,4.402,359.77,5.036,359.77,5.843
360.14,4.211,360.14,5.198,360.14,5.344
360.51,3.517,360.51,4.748,360.51,4.97
360.89,4.408,360.89,4.58,360.89,5.37
361.26,3.791,361.26,4.184,361.26,4.72
361.63,3.615,361.63,4.57,361.63,5.28
362,3.173,362,3.975,362,4.973
362.37,3.767,362.37,3.856,362.37,4.136
362.74,3.302,362.74,3.539,362.74,4.579
363.11,4.1,363.11,4.155,363.11,5.242
363.49,3.781,363.49,4.597,363.49,4.802
363.86,3.939,363.86,4.85,363.86,5.262
364.23,4.07,364.23,4.997,364.23,6.036
364.6,5.155,364.6,5.079,364.6,5.487
364.97,4.123,364.97,4.875,364.97,5.22
365.34,4.632,365.34,4.802,365.34,5.737
365.71,4.191,365.71,4.776,365.71,5.556
366.08,4.47,366.08,5.913,366.08,6.289
366.45,4.887,366.45,5.071,366.45,5.938
366.82,4.476,366.82,5.478,366.82,6.443
367.2,4.929,367.2,5.51,367.2,5.489
367.57,4.779,367.57,4.692,367.57,5.029
367.94,4.399,367.94,4.075,367.94,5.156
368.31,5.223,368.31,4.899,368.31,6.407
368.68,5.279,368.68,5.013,368.68,6.733
369.05,4.576,369.05,5.447,369.05,5.923
369.42,4.271,369.42,5.145,369.42,5.671
369.79,4.487,369.79,5.019,369.79,5.273
370.16,4.269,370.16,5.766,370.16,6.139
370.53,3.784,370.53,4.782,370.53,5.508
370.9,5.246,370.9,5.044,370.9,6.234
371.27,4.507,371.27,5.362,371.27,6.343
371.64,4.849,371.64,5.636,371.64,5.771
372.01,5.21,372.01,5.591,372.01,6.708
372.38,4.296,372.38,4.552,372.38,5.953
372.75,4.861,372.75,5.947,372.75,6.11
373.12,4.524,373.12,4.676,373.12,5.495
373.49,4.846,373.49,5.276,373.49,5.642
373.86,4.902,373.86,5.259,373.86,5.976
374.23,4.777,374.23,4.787,374.23,6.355
374.6,4.644,374.6,5.044,374.6,5.924
374.97,4.993,374.97,5.862,374.97,6.441
375.34,4.557,375.34,5.693,375.34,6.185
375.71,4.486,375.71,5.082,375.71,5.899
376.08,5.056,376.08,5.228,376.08,6.145
376.45,5.432,376.45,5.871,376.45,6.392
376.82,4.54,376.82,4.959,376.82,5.958
377.19,4.349,377.19,5.388,377.19,6.285
377.56,5.005,377.56,5.579,377.56,5.864
377.93,4.939,377.93,5.549,377.93,6.402
378.3,4.757,378.3,5.477,378.3,6.326
378.67,5.073,378.67,5.384,378.67,6.219
379.04,5.277,379.04,5.407,379.04,5.994
379.41,5.577,379.41,5.242,379.41,6.257
379.78,5.406,379.78,5.084,379.78,6.454
380.15,5.223,380.15,5.712,380.15,5.942
380.52,5.249,380.52,5.131,380.52,6.032
380.89,5.306,380.89,5.769,380.89,6.678
381.26,5.135,381.26,5.842,381.26,6.233
381.63,5.267,381.63,5.876,381.63,6.783
381.99,5.387,381.99,6.1,381.99,6.691
382.36,5.348,382.36,5.737,382.36,7.023
382.73,6.22,382.73,5.853,382.73,7.145
383.1,4.979,383.1,5.803,383.1,6.368
383.47,5.851,383.47,6.123,383.47,6.426
383.84,5.22,383.84,5.626,383.84,6.786
384.21,5.801,384.21,6.393,384.21,7.014
384.58,6.222,384.58,6.596,384.58,7.359
384.95,5.257,384.95,6.185,384.95,6.911
385.31,5.493,385.31,6.087,385.31,6.971
385.68,5.597,385.68,6.45,385.68,6.706
386.05,6.295,386.05,6.399,386.05,7.107
386.42,6.09,386.42,6.726,386.42,7.545
386.79,5.791,386.79,6.729,386.79,7.048
387.16,5.886,387.16,6.51,387.16,7.556
387.53,5.846,387.53,6.593,387.53,7.846
387.89,6.248,387.89,6.726,387.89,7.612
388.26,6.242,388.26,6.752,388.26,7.453
388.63,6.268,388.63,6.439,388.63,7.228
389,7.003,389,7.216,389,8.159
389.37,6.54,389.37,7.064,389.37,7.828
389.74,6.386,389.74,6.901,389.74,7.769
390.1,6.525,390.1,7.283,390.1,7.817
390.47,6.246,390.47,6.972,390.47,7.807
390.84,6.62,390.84,7.095,390.84,7.894
391.21,6.926,391.21,6.864,391.21,7.722
391.58,6.645,391.58,6.893,391.58,7.896
391.94,6.936,391.94,6.53,391.94,7.707
392.31,6.785,392.31,7.097,392.31,7.712
392.68,6.794,392.68,7.231,392.68,7.745
393.05,7.393,393.05,7.84,393.05,8.52
393.42,7.374,393.42,7.632,393.42,8.718
393.78,6.952,393.78,7.432,393.78,8.62
394.15,6.658,394.15,7.837,394.15,8.094
394.52,7.167,394.52,7.524,394.52,8.751
394.89,7.374,394.89,8.154,394.89,8.698
395.25,7.502,395.25,7.744,395.25,8.938
395.62,7.246,395.62,7.888,395.62,8.554
395.99,7.58,395.99,7.851,395.99,9.031
396.36,7.368,396.36,7.836,396.36,9.042
396.72,7.837,396.72,8.688,396.72,9.751
397.09,8.158,397.09,8.725,397.09,9.917
397.46,8.127,397.46,8.466,397.46,9.899
397.83,7.577,397.83,8.526,397.83,9.472
398.19,8.205,398.19,8.642,398.19,9.229
398.56,8.087,398.56,8.581,398.56,9.311
398.93,8.361,398.93,8.756,398.93,9.513
399.3,8.302,399.3,8.312,399.3,9.608
399.66,8.407,399.66,8.88,399.66,9.676
400.03,7.979,400.03,9.154,400.03,9.64
400.4,8.555,400.4,8.987,400.4,9.994
400.76,8.45,400.76,8.99,400.76,9.698
401.13,8.725,401.13,9.383,401.13,10.576
401.5,8.889,401.5,9.377,401.5,10.549
401.86,8.621,401.86,9.471,401.86,10.257
402.23,9.049,402.23,9.664,402.23,10.791
402.6,9.054,402.6,9.77,402.6,10.843
402.96,9.131,402.96,9.726,402.96,11.027
403.33,9.58,403.33,9.845,403.33,11.211
403.7,9.762,403.7,10.125,403.7,11.466
404.06,9.682,404.06,10.655,404.06,11.165
404.43,9.362,404.43,10.549,404.43,11.217
404.8,9.501,404.8,10.268,404.8,11.05
405.16,9.39,405.16,10.071,405.16,11.596
405.53,9.804,405.53,10.747,405.53,11.52
405.9,9.487,405.9,10.302,405.9,11.378
406.26,10.55,406.26,11.05,406.26,12.253
406.63,10.423,406.63,10.944,406.63,12.191
406.99,10.895,406.99,11.557,406.99,12.502
407.36,11.122,407.36,11.865,407.36,13.035
407.73,11.333,407.73,11.86,407.73,13.197
408.09,11.264,408.09,11.978,408.09,13.144
408.46,11.554,408.46,12.308,408.46,13.476
408.83,11.883,408.83,12.368,408.83,13.483
409.19,11.808,409.19,12.512,409.19,14.143
409.56,12.088,409.56,13.09,409.56,14.638
409.92,12.131,409.92,12.997,409.92,14.251
410.29,12.047,410.29,13.123,410.29,14.451
410.65,12.396,410.65,13.258,410.65,14.813
411.02,12.464,411.02,13.535,411.02,14.8
411.39,13.114,411.39,13.617,411.39,15.161
411.75,12.929,411.75,13.981,411.75,15.49
412.12,13.122,412.12,14.167,412.12,15.246
412.48,13.048,412.48,14.14,412.48,15.781
412.85,13.534,412.85,14.809,412.85,16.166
413.21,13.229,413.21,14.554,413.21,16
413.58,13.605,413.58,14.757,413.58,16.325
413.94,13.729,413.94,15.176,413.94,16.453
414.31,14.352,414.31,15.582,414.31,17.042
414.68,13.841,414.68,14.958,414.68,16.931
415.04,14.162,415.04,15.034,415.04,16.676
415.41,14.333,415.41,15.472,415.41,17.01
415.77,14.38,415.77,15.466,415.77,17.055
416.14,14.316,416.14,15.488,416.14,17.029
416.5,14.471,416.5,15.24,416.5,16.841
416.87,13.924,416.87,15.284,416.87,16.939
417.23,14.549,417.23,15.628,417.23,16.889
417.6,14.306,417.6,15.734,417.6,16.97
417.96,14.286,417.96,15.344,417.96,17.086
418.33,14.145,418.33,15.089,418.33,16.61
418.69,14.185,418.69,15.138,418.69,16.555
419.06,14.251,419.06,15.275,419.06,16.641
419.42,14.158,419.42,15.177,419.42,16.818
419.78,14.538,419.78,15.436,419.78,16.986
420.15,14.188,420.15,15.237,420.15,16.603
420.51,13.963,420.51,15.191,420.51,16.772
420.88,13.691,420.88,14.901,420.88,16.461
421.24,13.946,421.24,14.793,421.24,16.151
421.61,13.788,421.61,14.817,421.61,16.371
421.97,14.006,421.97,15.021,421.97,16.673
422.34,13.984,422.34,15.163,422.34,16.659
422.7,14.23,422.7,15.446,422.7,16.735
423.06,14.327,423.06,15.173,423.06,16.923
423.43,14.41,423.43,15.46,423.43,16.891
423.79,14.609,423.79,15.706,423.79,16.906
424.16,14.527,424.16,15.628,424.16,17.099
424.52,14.402,424.52,15.797,424.52,17.13
424.89,14.488,424.89,15.4,424.89,16.997
425.25,14.469,425.25,15.523,425.25,17.11
425.61,14.805,425.61,15.845,425.61,17.312
425.98,14.986,425.98,15.814,425.98,17.416
426.34,15.047,426.34,16.149,426.34,17.682
426.71,15.186,426.71,16.191,426.71,17.919
427.07,15.587,427.07,16.471,427.07,18.115
427.43,15.445,427.43,16.322,427.43,18.247
427.8,15.886,427.8,16.909,427.8,18.539
428.16,15.861,428.16,17.285,428.16,18.435
428.52,16.258,428.52,17.323,428.52,19.087
428.89,16.302,428.89,17.631,428.89,18.811
429.25,16.746,429.25,17.753,429.25,19.163
429.61,16.726,429.61,17.981,429.61,19.351
429.98,16.941,429.98,18.191,429.98,19.421
430.34,17.297,430.34,18.293,430.34,19.733
430.7,16.732,430.7,18.183,430.7,19.405
431.07,17.298,431.07,18.476,431.07,19.855
431.43,17.129,431.43,18.578,431.43,20.025
431.79,17.231,431.79,18.637,431.79,19.9
432.16,17.519,432.16,18.626,432.16,20.301
432.52,17.682,432.52,18.989,432.52,20.191
432.88,17.87,432.88,18.697,432.88,20.222
433.25,17.414,433.25,18.83,433.25,20.358
433.61,17.753,433.61,18.672,433.61,19.979
433.97,17.452,433.97,18.792,433.97,20.322
434.34,17.841,434.34,18.658,434.34,20.402
434.7,17.89,434.7,18.736,434.7,20.564
435.06,18.018,435.06,19.063,435.06,20.551
435.42,18.266,435.42,19.306,435.42,20.979
435.79,18.447,435.79,19.614,435.79,21.083
436.15,18.61,436.15,19.845,436.15,21.406
436.51,18.807,436.51,20.042,436.51,21.581
436.88,19.025,436.88,20.04,436.88,21.661
437.24,19.197,437.24,20.147,437.24,21.925
437.6,19.329,437.6,20.468,437.6,21.892
437.96,19.279,437.96,20.473,437.96,22.182
438.33,19.324,438.33,20.904,438.33,22.253
438.69,19.57,438.69,20.729,438.69,21.952
439.05,19.879,439.05,20.763,439.05,22.528
439.41,19.52,439.41,20.566,439.41,22.251
439.78,19.509,439.78,20.739,439.78,22.199
440.14,19.923,440.14,21.042,440.14,22.412
440.5,19.646,440.5,20.754,440.5,22.333
440.86,19.601,440.86,21.098,440.86,22.567
441.22,19.788,441.22,21.013,441.22,22.526
441.59,19.708,441.59,21.228,441.59,22.374
441.95,19.934,441.95,21.354,441.95,22.863
442.31,20.04,442.31,21.426,442.31,22.949
442.67,20.224,442.67,21.847,442.67,23.205
443.03,20.617,443.03,21.921,443.03,23.534
443.4,21.015,443.4,22.09,443.4,23.643
443.76,21.041,443.76,22.211,443.76,23.837
444.12,21.151,444.12,22.34,444.12,24.168
444.48,21.534,444.48,22.929,444.48,24.216
444.84,21.679,444.84,22.688,444.84,24.134
445.2,21.49,445.2,22.591,445.2,23.942
445.57,21.384,445.57,22.457,445.57,23.889
445.93,21.178,445.93,22.346,445.93,23.657
446.29,21.22,446.29,22.3,446.29,23.743
446.65,21.355,446.65,22.451,446.65,23.65
447.01,20.974,447.01,22.262,447.01,23.719
447.37,21.247,447.37,22.698,447.37,23.816
447.73,21.429,447.73,22.847,447.73,24.013
448.1,21.629,448.1,22.73,448.1,24.344
448.46,21.624,448.46,23.046,448.46,24.524
448.82,21.992,448.82,23.436,448.82,24.743
449.18,22.076,449.18,23.471,449.18,24.788
449.54,22.486,449.54,23.631,449.54,24.944
449.9,22.584,449.9,23.523,449.9,25.251
450.26,22.595,450.26,23.96,450.26,25.573
450.62,22.916,450.62,24.146,450.62,25.902
450.98,23.069,450.98,24.239,450.98,25.606
451.34,23.246,451.34,24.171,451.34,25.702
451.71,23.313,451.71,24.296,451.71,25.789
452.07,23.099,452.07,24.103,452.07,25.808
452.43,23.279,452.43,24.228,452.43,26.078
452.79,23.35,452.79,24.716,452.79,26.07
453.15,23.161,453.15,24.715,453.15,25.945
453.51,23.361,453.51,24.706,453.51,26.238
453.87,23.523,453.87,24.753,453.87,26.264
454.23,23.579,454.23,25.09,454.23,26.496
454.59,23.656,454.59,24.77,454.59,26.519
454.95,23.613,454.95,25.31,454.95,26.863
455.31,23.62,455.31,25.385,455.31,26.643
455.67,23.818,455.67,25.167,455.67,26.721
456.03,24.008,456.03,25.3,456.03,26.72
456.39,23.952,456.39,25.563,456.39,27.259
456.75,24.499,456.75,25.752,456.75,27.27
457.11,24.244,457.11,25.712,457.11,27.053
457.47,24.305,457.47,25.625,457.47,27.018
457.83,24.115,457.83,25.638,457.83,27.37
458.19,24.325,458.19,25.736,458.19,27.251
458.55,24.136,458.55,25.573,458.55,26.826
458.91,24.208,458.91,25.63,458.91,26.993
459.27,24.533,459.27,25.628,459.27,27.296
459.63,23.922,459.63,25.351,459.63,26.492
459.99,23.59,459.99,25.068,459.99,26.398
460.35,23.919,460.35,25.297,460.35,26.361
460.71,23.731,460.71,24.93,460.71,26.427
461.07,24.028,461.07,25.402,461.07,27.285
461.43,24.074,461.43,25.528,461.43,27.182
461.79,24.229,461.79,25.713,461.79,27.255
462.15,24.482,462.15,26.222,462.15,27.46
462.51,24.477,462.51,26.04,462.51,27.758
462.87,24.982,462.87,26.53,462.87,27.926
463.23,25.276,463.23,26.978,463.23,28.393
463.59,25.248,463.59,26.564,463.59,28.562
463.95,25.856,463.95,27.06,463.95,28.777
464.31,25.564,464.31,27.122,464.31,28.433
464.66,25.718,464.66,27.068,464.66,28.765
465.02,25.826,465.02,27.243,465.02,28.848
465.38,25.689,465.38,27.365,465.38,28.801
465.74,26.024,465.74,27.527,465.74,28.839
466.1,25.537,466.1,27.195,466.1,29.147
466.46,25.87,466.46,27.597,466.46,28.888
466.82,26.066,466.82,27.515,466.82,28.884
467.18,26.023,467.18,27.455,467.18,28.733
467.54,25.721,467.54,27.174,467.54,28.545
467.9,26.064,467.9,27.75,467.9,29.178
468.25,25.936,468.25,27.49,468.25,28.833
468.61,26.452,468.61,27.813,468.61,29.239
468.97,26.907,468.97,28.153,468.97,29.985
469.33,26.869,469.33,28.076,469.33,29.708
469.69,26.149,469.69,27.775,469.69,29.531
470.05,26.62,470.05,28.263,470.05,29.734
470.41,26.763,470.41,28.437,470.41,30.09
470.76,27.084,470.76,28.502,470.76,30.085
471.12,26.845,471.12,28.294,471.12,30.268
471.48,26.883,471.48,28.704,471.48,30.473
471.84,27.328,471.84,28.936,471.84,30.522
472.2,27.161,472.2,28.969,472.2,30.187
472.56,27.273,472.56,28.944,472.56,30.998
472.91,27.462,472.91,29.272,472.91,30.667
473.27,27.431,473.27,29.03,473.27,30.469
473.63,27.512,473.63,29.088,473.63,30.942
473.99,27.71,473.99,29.143,473.99,31.093
474.35,28.015,474.35,29.17,474.35,31.201
474.7,28.161,474.7,29.698,474.7,31.297
475.06,27.968,475.06,29.182,475.06,31.191
475.42,28.185,475.42,29.651,475.42,31.513
475.78,28.298,475.78,29.662,475.78,31.459
476.14,28.038,476.14,29.617,476.14,31.478
476.49,28.455,476.49,29.744,476.49,31.578
476.85,28.378,476.85,29.869,476.85,31.642
477.21,28.162,477.21,30.001,477.21,31.712
477.57,28.668,477.57,29.929,477.57,31.614
477.92,28.332,477.92,30.082,477.92,32.076
478.28,28.422,478.28,30.195,478.28,31.649
478.64,28.374,478.64,29.964,478.64,31.717
479,28.413,479,30.109,479,31.897
479.35,28.501,479.35,30.348,479.35,32.154
479.71,28.837,479.71,30.52,479.71,32.646
480.07,28.87,480.07,30.585,480.07,32.191
480.43,29.011,480.43,30.306,480.43,32.588
480.78,28.875,480.78,30.592,480.78,32.166
481.14,28.789,481.14,30.734,481.14,32.174
481.5,28.848,481.5,30.635,481.5,32.184
481.85,29.022,481.85,30.857,481.85,32.346
482.21,29.102,482.21,30.703,482.21,32.174
482.57,28.888,482.57,30.607,482.57,32
482.92,28.833,482.92,30.77,482.92,32.116
483.28,28.573,483.28,30.429,483.28,31.651
483.64,28.339,483.64,29.949,483.64,31.424
484,28.105,484,29.775,484,31.154
484.35,28.207,484.35,29.785,484.35,31.23
484.71,28.19,484.71,29.907,484.71,31.245
485.07,28.465,485.07,30.063,485.07,31.77
485.42,28.684,485.42,30.367,485.42,32.154
485.78,28.792,485.78,30.374,485.78,32.478
486.13,29.061,486.13,30.877,486.13,32.833
486.49,29.323,486.49,31.095,486.49,32.982
486.85,29.375,486.85,31.364,486.85,33.16
487.2,29.364,487.2,31.062,487.2,32.804
487.56,29.392,487.56,31.197,487.56,32.979
487.92,29.318,487.92,31.039,487.92,32.609
488.27,29.525,488.27,31.401,488.27,32.913
488.63,29.704,488.63,31.414,488.63,33.009
488.99,29.661,488.99,31.709,488.99,33.053
489.34,30.083,489.34,31.892,489.34,33.54
489.7,30.396,489.7,32.14,489.7,34.126
490.05,30.739,490.05,32.658,490.05,34.355
490.41,30.686,490.41,32.589,490.41,34.627
490.77,31.123,490.77,32.928,490.77,34.979
491.12,31.284,491.12,33.063,491.12,34.689
491.48,31.367,491.48,33.063,491.48,34.677
491.83,30.974,491.83,32.882,491.83,34.403
492.19,31.084,492.19,33.081,492.19,34.603
492.54,31.302,492.54,33.099,492.54,34.654
492.9,31.409,492.9,33.185,492.9,35.065
493.26,31.698,493.26,33.716,493.26,35.677
493.61,32.057,493.61,33.977,493.61,36.031
493.97,32.231,493.97,34.306,493.97,36.415
494.32,32.806,494.32,34.522,494.32,36.686
494.68,32.85,494.68,34.923,494.68,36.655
495.03,33.184,495.03,35.585,495.03,37.306
495.39,33.508,495.39,35.261,495.39,36.883
495.74,33.933,495.74,35.873,495.74,37.234
496.1,33.948,496.1,35.914,496.1,37.482
496.45,33.771,496.45,35.712,496.45,37.605
496.81,33.603,496.81,35.926,496.81,37.686
497.16,33.839,497.16,35.895,497.16,37.882
497.52,33.803,497.52,35.619,497.52,37.633
497.87,34.195,497.87,36.493,497.87,38.118
498.23,34.584,498.23,36.714,498.23,38.553
498.58,34.607,498.58,36.36,498.58,38.392
498.94,34.707,498.94,36.771,498.94,38.417
499.29,35.179,499.29,37.032,499.29,38.798
499.65,34.969,499.65,36.855,499.65,38.823
500,35.195,500,37.546,500,38.989
500.36,35.264,500.36,37.848,500.36,39.54
500.71,35.663,500.71,37.814,500.71,39.565
501.07,35.63,501.07,37.864,501.07,40.1
501.42,36.039,501.42,38.163,501.42,40.057
501.78,36.557,501.78,38.69,501.78,40.32
502.13,36.656,502.13,38.871,502.13,40.38
502.48,36.925,502.48,38.677,502.48,40.771
502.84,36.815,502.84,38.835,502.84,40.499
503.19,37.124,503.19,38.702,503.19,40.795
503.55,37.059,503.55,39.123,503.55,40.996
503.9,37.475,503.9,39.27,503.9,41.247
504.26,37.891,504.26,40.041,504.26,41.517
504.61,37.365,504.61,39.548,504.61,41.487
504.96,37.658,504.96,39.358,504.96,41.395
505.32,38.147,505.32,39.967,505.32,41.541
505.67,38.126,505.67,40.221,505.67,41.767
506.03,38.415,506.03,40.411,506.03,42.059
506.38,38.171,506.38,40.704,506.38,42.11
506.73,38.687,506.73,40.606,506.73,42.627
507.09,38.989,507.09,41.119,507.09,42.772
507.44,39.074,507.44,41.14,507.44,42.718
507.8,38.766,507.8,41.315,507.8,43.004
508.15,39.899,508.15,41.564,508.15,43.237
508.5,39.069,508.5,41.404,508.5,43.252
508.86,39.496,508.86,41.491,508.86,42.721
509.21,39.52,509.21,41.846,509.21,43.427
509.56,40.002,509.56,41.885,509.56,43.527
509.92,39.881,509.92,42.227,509.92,43.805
510.27,39.926,510.27,42.124,510.27,43.798
510.62,40.11,510.62,42.14,510.62,43.737
510.98,40.709,510.98,42.68,510.98,44.322
511.33,40.823,511.33,42.986,511.33,44.518
511.68,40.949,511.68,43.072,511.68,44.366
512.04,40.847,512.04,43.277,512.04,44.715
512.39,41.457,512.39,43.307,512.39,44.511
512.74,41.36,512.74,43.541,512.74,44.9
513.1,41.241,513.1,43.793,513.1,45.067
513.45,41.684,513.45,44.099,513.45,45.652
513.8,41.831,513.8,43.99,513.8,45.461
514.15,42.065,514.15,44.412,514.15,45.685
514.51,42.203,514.51,44.271,514.51,45.851
514.86,42.332,514.86,44.689,514.86,45.995
515.21,42.361,515.21,44.772,515.21,45.944
515.57,42.701,515.57,45.236,515.57,46.702
515.92,43.199,515.92,45.236,515.92,46.929
516.27,43.284,516.27,45.847,516.27,47.156
516.62,43.07,516.62,45.369,516.62,46.85
516.98,43.808,516.98,45.666,516.98,47.58
517.33,43.603,517.33,45.961,517.33,47.227
517.68,44.063,517.68,46.357,517.68,47.958
518.03,44.008,518.03,46.355,518.03,47.962
518.39,43.728,518.39,46.36,518.39,47.701
518.74,44.024,518.74,46.226,518.74,47.632
519.09,44.072,519.09,46.65,519.09,47.649
519.44,44.196,519.44,46.923,519.44,47.949
519.79,44.31,519.79,46.802,519.79,47.984
520.15,45.075,520.15,47.202,520.15,48.355
520.5,45.08,520.5,47.487,520.5,48.669
520.85,44.944,520.85,47.603,520.85,48.716
521.2,45.519,521.2,48.185,521.2,49.217
521.55,45.834,521.55,48.088,521.55,49.425
521.91,46.131,521.91,48.627,521.91,49.693
522.26,46.675,522.26,49.01,522.26,49.652
522.61,46.535,522.61,49.039,522.61,50.239
522.96,46.663,522.96,48.961,522.96,49.984
523.31,47.034,523.31,49.647,523.31,50.588
523.67,46.836,523.67,49.562,523.67,50.828
524.02,47.452,524.02,50.178,524.02,51.219
524.37,47.627,524.37,49.794,524.37,50.872
524.72,47.66,524.72,50.419,524.72,51.565
525.07,47.675,525.07,50.513,525.07,51.439
525.42,48.1,525.42,50.492,525.42,51.527
525.77,47.931,525.77,50.727,525.77,51.29
526.13,48.055,526.13,50.837,526.13,51.595
526.48,48.229,526.48,50.952,526.48,51.725
526.83,48.341,526.83,50.924,526.83,51.969
527.18,48.568,527.18,51.454,527.18,52.325
527.53,48.72,527.53,51.188,527.53,51.989
527.88,49.303,527.88,51.939,527.88,52.736
528.23,49.21,528.23,52.144,528.23,52.602
528.58,49.273,528.58,51.824,528.58,52.564
528.93,49.095,528.93,51.892,528.93,52.501
529.29,49.598,529.29,52.282,529.29,52.883
529.64,49.757,529.64,52.312,529.64,53.118
529.99,50.001,529.99,52.571,529.99,53.701
530.34,49.997,530.34,52.615,530.34,53.755
530.69,50.219,530.69,52.927,530.69,53.821
531.04,50.473,531.04,53.13,531.04,54.146
531.39,50.665,531.39,53.408,531.39,54.506
531.74,51.334,531.74,54.054,531.74,54.928
532.09,51.556,532.09,54.065,532.09,55.163
532.44,52.101,532.44,54.379,532.44,55.527
532.79,52.309,532.79,54.739,532.79,55.772
533.14,52.348,533.14,54.932,533.14,55.246
533.49,52.384,533.49,55.111,533.49,55.772
533.84,52.447,533.84,55.415,533.84,55.743
534.19,52.744,534.19,55.449,534.19,56.08
534.54,52.589,534.54,55.814,534.54,56.295
534.89,53.626,534.89,56.373,534.89,56.942
535.24,53.916,535.24,56.259,535.24,57.01
535.59,54.132,535.59,56.673,535.59,57.577
535.94,53.846,535.94,56.819,535.94,57.858
536.29,54.505,536.29,56.957,536.29,57.644
536.64,54.964,536.64,57.422,536.64,57.955
536.99,54.582,536.99,57.495,536.99,57.917
537.34,54.866,537.34,58.061,537.34,58.486
537.69,55.743,537.69,58.366,537.69,58.694
538.04,55.523,538.04,58.446,538.04,59.139
538.39,55.726,538.39,58.636,538.39,59.358
538.74,55.747,538.74,58.818,538.74,59.541
539.09,56.35,539.09,59.291,539.09,59.589
539.44,56.073,539.44,59.112,539.44,59.715
539.79,56.659,539.79,59.696,539.79,59.881
540.14,56.731,540.14,59.368,540.14,60.063
540.49,57.138,540.49,60.194,540.49,60.944
540.84,57.177,540.84,60.354,540.84,60.598
541.19,57.33,541.19,60.136,541.19,60.718
541.54,57.259,541.54,60.367,541.54,60.237
541.89,57.284,541.89,60.081,541.89,60.373
542.24,57.377,542.24,60.287,542.24,60.883
542.59,57.844,542.59,60.837,542.59,61.121
542.93,58.071,542.93,61.183,542.93,61.589
543.28,58.02,543.28,60.99,543.28,61.367
543.63,58.56,543.63,61.454,543.63,61.495
543.98,58.894,543.98,61.384,543.98,62.064
544.33,59.049,544.33,61.876,544.33,62.055
544.68,59.096,544.68,61.964,544.68,62.061
545.03,59.807,545.03,62.528,545.03,62.587
545.38,59.905,545.38,62.749,545.38,63.276
545.73,59.784,545.73,62.793,545.73,63.206
546.07,60.201,546.07,62.895,546.07,63.269
546.42,60.225,546.42,63.096,546.42,63.294
546.77,60.552,546.77,63.313,546.77,63.425
547.12,60.75,547.12,63.383,547.12,63.847
547.47,60.446,547.47,63.364,547.47,63.745
547.82,60.921,547.82,63.553,547.82,64.168
548.17,61.189,548.17,63.762,548.17,63.741
548.51,60.996,548.51,64.153,548.51,64.392
548.86,61.233,548.86,63.681,548.86,64.25
549.21,61.243,549.21,64.271,549.21,64.763
549.56,61.666,549.56,64.169,549.56,64.735
549.91,61.806,549.91,64.467,549.91,64.66
550.25,62.148,550.25,64.672,550.25,65.265
550.6,62.268,550.6,65.026,550.6,64.923
550.95,62.356,550.95,65.14,550.95,65.553
551.3,61.995,551.3,65.378,551.3,65.77
551.65,62.669,551.65,65.65,551.65,65.706
551.99,62.634,551.99,65.457,551.99,65.767
552.34,62.418,552.34,65.648,552.34,65.515
552.69,62.849,552.69,66.288,552.69,66.106
553.04,63.255,553.04,65.964,553.04,66.337
553.39,63.224,553.39,65.736,553.39,66.138
553.73,63.248,553.73,66.078,553.73,66.211
554.08,62.822,554.08,65.878,554.08,66.219
554.43,63.714,554.43,66.53,554.43,66.594
554.78,63.693,554.78,66.562,554.78,66.584
555.12,63.654,555.12,66.393,555.12,66.244
555.47,63.875,555.47,66.966,555.47,66.895
555.82,64.141,555.82,66.62,555.82,66.774
556.17,63.93,556.17,66.618,556.17,66.771
556.51,64.307,556.51,67.593,556.51,67.234
556.86,63.859,556.86,66.677,556.86,66.72
557.21,64.824,557.21,67.502,557.21,67.252
557.55,64.368,557.55,67.629,557.55,67.404
557.9,64.533,557.9,67.691,557.9,67.763
558.25,64.444,558.25,67.583,558.25,67.37
558.6,64.851,558.6,67.674,558.6,68.034
558.94,64.923,558.94,67.591,558.94,67.682
559.29,64.676,559.29,67.655,559.29,67.65
559.64,64.789,559.64,68.024,559.64,67.845
559.98,64.832,559.98,67.83,559.98,67.296
560.33,64.46,560.33,67.564,560.33,67.904
560.68,65.063,560.68,68.2,560.68,67.906
561.02,64.967,561.02,67.802,561.02,67.764
561.37,65.289,561.37,68.714,561.37,67.819
561.72,65.005,561.72,68.36,561.72,68.361
562.06,65.622,562.06,68.573,562.06,67.938
562.41,65.529,562.41,68.111,562.41,68.607
562.76,65.283,562.76,67.992,562.76,68.405
563.1,65.698,563.1,68.534,563.1,68.954
563.45,65.567,563.45,68.769,563.45,68.759
563.79,65.792,563.79,68.593,563.79,68.933
564.14,65.611,564.14,68.722,564.14,68.575
564.49,65.749,564.49,69.227,564.49,68.661
564.83,65.739,564.83,68.83,564.83,68.711
565.18,65.893,565.18,68.428,565.18,68.983
565.52,65.683,565.52,69.021,565.52,68.695
565.87,65.553,565.87,68.418,565.87,68.698
566.22,65.931,566.22,68.661,566.22,69.104
566.56,66.132,566.56,69.078,566.56,68.375
566.91,66.581,566.91,69.663,566.91,69.22
567.25,66.105,567.25,68.936,567.25,69.443
567.6,66.27,567.6,69.362,567.6,69.239
567.95,66.246,567.95,68.864,567.95,68.967
568.29,65.835,568.29,68.948,568.29,69.622
568.64,66.416,568.64,69.408,568.64,69.191
568.98,66.444,568.98,69.409,568.98,69.393
569.33,66.286,569.33,68.997,569.33,69.166
569.67,66.388,569.67,69.37,569.67,69.553
570.02,66.476,570.02,69.675,570.02,69.532
570.36,67.017,570.36,69.554,570.36,69.554
570.71,66.533,570.71,70.02,570.71,69.413
571.05,67.074,571.05,69.959,571.05,69.912
571.4,66.724,571.4,70.064,571.4,69.504
571.75,66.575,571.75,69.531,571.75,69.599
572.09,66.781,572.09,69.804,572.09,69.875
572.44,66.901,572.44,69.689,572.44,69.351
572.78,66.681,572.78,69.655,572.78,69.644
573.13,66.751,573.13,69.912,573.13,69.909
573.47,66.881,573.47,70.236,573.47,69.924
573.82,67.136,573.82,70.148,573.82,70.072
574.16,67.313,574.16,70.02,574.16,70.337
574.5,66.887,574.5,69.962,574.5,69.398
574.85,66.984,574.85,70.038,574.85,69.77
575.19,67.282,575.19,69.942,575.19,69.978
575.54,66.931,575.54,69.767,575.54,69.78
575.88,67.32,575.88,70.03,575.88,70.533
576.23,67.266,576.23,70.168,576.23,70.606
576.57,67.373,576.57,70.977,576.57,70.883
576.92,67.779,576.92,70.709,576.92,70.362
577.26,67.929,577.26,70.512,577.26,70.549
577.61,67.35,577.61,70.135,577.61,70.92
577.95,67.218,577.95,71.037,577.95,70.812
578.29,67.636,578.29,70.71,578.29,70.298
578.64,67.559,578.64,70.728,578.64,70.11
578.98,68.221,578.98,70.617,578.98,70.68
579.33,67.6,579.33,71.33,579.33,70.785
579.67,68.065,579.67,70.607,579.67,70.974
580.02,68.212,580.02,71.229,580.02,70.47
580.36,67.793,580.36,71.084,580.36,70.638
580.7,68.414,580.7,71.416,580.7,71.554
581.05,68.148,581.05,71.222,581.05,71.148
581.39,68.33,581.39,71.043,581.39,71.668
581.73,68.201,581.73,71.902,581.73,71.533
582.08,68.871,582.08,71.262,582.08,71.151
582.42,68.618,582.42,71.196,582.42,71.013
582.77,68.655,582.77,71.901,582.77,72.284
583.11,68.618,583.11,71.589,583.11,71.45
583.45,69.296,583.45,72.184,583.45,72.259
583.8,68.547,583.8,71.264,583.8,71.432
584.14,68.766,584.14,71.392,584.14,71.766
584.48,68.612,584.48,70.941,584.48,71.159
584.83,68.752,584.83,71.753,584.83,71.987
585.17,69.493,585.17,72.571,585.17,72.438
585.51,69.136,585.51,71.774,585.51,71.749
585.86,69.419,585.86,71.825,585.86,71.725
586.2,68.887,586.2,72.567,586.2,71.762
586.54,69.545,586.54,72.825,586.54,72.294
586.89,69.52,586.89,73.111,586.89,72.772
587.23,69.542,587.23,72.629,587.23,72.771
587.57,69.738,587.57,72.858,587.57,72.189
587.91,70.231,587.91,72.861,587.91,72.657
588.26,69.206,588.26,72.403,588.26,72.607
588.6,70.036,588.6,72.364,588.6,72.597
588.94,70.168,588.94,72.683,588.94,72.718
589.29,69.705,589.29,73.028,589.29,72.176
589.63,69.818,589.63,73.002,589.63,72.94
589.97,69.95,589.97,73.246,589.97,73.129
590.31,69.762,590.31,73.077,590.31,73.342
590.66,70.367,590.66,73.185,590.66,73.152
591,69.827,591,72.675,591,72.798
591.34,69.979,591.34,72.639,591.34,73.434
591.68,69.954,591.68,73.61,591.68,72.944
592.03,70.176,592.03,73.262,592.03,73.072
592.37,70.742,592.37,73.284,592.37,73.28
592.71,70.651,592.71,73.568,592.71,73.721
593.05,70.569,593.05,74.111,593.05,74.461
593.39,71.214,593.39,73.862,593.39,73.906
593.74,70.815,593.74,74.112,593.74,73.825
594.08,70.558,594.08,73.596,594.08,72.989
594.42,71.152,594.42,74.048,594.42,73.579
594.76,71.177,594.76,74.185,594.76,74.007
595.1,71.028,595.1,74.303,595.1,73.995
595.45,70.712,595.45,74.03,595.45,74.051
595.79,71.292,595.79,74.72,595.79,74.318
596.13,71.07,596.13,74.308,596.13,73.892
596.47,71.247,596.47,74.087,596.47,73.953
596.81,71.319,596.81,74.739,596.81,74.859
597.16,71.555,597.16,73.946,597.16,74.467
597.5,70.414,597.5,73.699,597.5,74.129
597.84,71.426,597.84,74.999,597.84,74.813
598.18,71.506,598.18,74.647,598.18,74.357
598.52,71.352,598.52,74.331,598.52,74.537
598.86,71.306,598.86,75.059,598.86,74.249
599.2,71.436,599.2,74.346,599.2,75.293
599.55,71.738,599.55,74.517,599.55,75.423
599.89,71.755,599.89,75.442,599.89,75.25
600.23,72.096,600.23,75.094,600.23,74.887
600.57,71.976,600.57,75.5,600.57,75.114
600.91,72.269,600.91,74.911,600.91,75.005
601.25,72.051,601.25,76.069,601.25,75.286
601.59,71.814,601.59,75.603,601.59,75.445
601.93,72.508,601.93,75.274,601.93,75.649
602.27,72.731,602.27,75.608,602.27,76.307
602.62,72.789,602.62,75.595,602.62,75.728
602.96,72.501,602.96,75.277,602.96,75.983
603.3,72.808,603.3,75.692,603.3,75.823
603.64,72.455,603.64,76.503,603.64,75.786
603.98,72.323,603.98,76.437,603.98,75.989
604.32,72.666,604.32,75.756,604.32,75.256
604.66,73.273,604.66,77.067,604.66,75.877
605,73.013,605,76.25,605,76.095
605.34,73.169,605.34,76.549,605.34,76.625
605.68,72.87,605.68,76.481,605.68,75.951
606.02,73.375,606.02,76.626,606.02,76.414
606.36,73.42,606.36,76.925,606.36,76.723
606.7,73.477,606.7,76.488,606.7,76.786
607.04,73.618,607.04,76.948,607.04,76.327
607.38,73.36,607.38,77.007,607.38,76.643
607.72,73.601,607.72,77.042,607.72,77.242
608.06,74.054,608.06,76.699,608.06,77.214
608.4,73.41,608.4,77.31,608.4,76.713
608.74,73.77,608.74,77.326,608.74,77.142
609.08,73.738,609.08,77.535,609.08,77.425
609.42,73.785,609.42,77.719,609.42,76.809
609.76,73.713,609.76,77.644,609.76,76.875
610.1,74.305,610.1,76.985,610.1,76.837
610.44,73.719,610.44,77.455,610.44,77.074
610.78,73.883,610.78,77.08,610.78,77.123
611.12,74.304,611.12,77.282,611.12,77.666
611.46,73.959,611.46,76.988,611.46,77.86
611.8,73.657,611.8,77.754,611.8,77.371
612.14,74.281,612.14,77.906,612.14,77.467
612.48,74.533,612.48,78.499,612.48,77.757
612.82,74.1,612.82,77.685,612.82,76.909
613.16,74.319,613.16,78.061,613.16,77.544
613.5,73.75,613.5,77.171,613.5,76.904
613.84,74.612,613.84,77.354,613.84,77.518
614.18,75.087,614.18,78.005,614.18,77.519
614.51,74.392,614.51,77.726,614.51,77.378
614.85,74.622,614.85,78.983,614.85,77.485
615.19,75.209,615.19,78.611,615.19,78.215
615.53,75.051,615.53,77.984,615.53,77.963
615.87,74.356,615.87,77.329,615.87,77.791
616.21,74.397,616.21,78.038,616.21,77.283
616.55,75.167,616.55,77.954,616.55,77.872
616.89,74.375,616.89,78.464,616.89,77.544
617.23,74.039,617.23,77.611,617.23,77.659
617.56,75.151,617.56,77.678,617.56,78.03
617.9,74.134,617.9,77.592,617.9,77.584
618.24,74.168,618.24,77.076,618.24,77.631
618.58,75.377,618.58,79.422,618.58,78.37
618.92,74.476,618.92,79.038,618.92,78.352
619.26,75.532,619.26,79.063,619.26,78.944
619.6,75.182,619.6,77.222,619.6,77.763
619.93,74.897,619.93,78.06,619.93,78.174
620.27,74.872,620.27,78.037,620.27,77.527
620.61,76.053,620.61,79.11,620.61,78.987
620.95,74.754,620.95,78.091,620.95,78.037
621.29,75.213,621.29,77.911,621.29,79.087
621.63,74.842,621.63,77.597,621.63,78.137
621.96,75.657,621.96,78.701,621.96,78.237
622.3,74.81,622.3,77.994,622.3,77.871
622.64,75.282,622.64,78.504,622.64,78.966
622.98,74.471,622.98,78.159,622.98,78.711
623.32,74.917,623.32,79.285,623.32,78.856
623.65,74.564,623.65,77.222,623.65,77.54
623.99,74.672,623.99,78.106,623.99,78.685
624.33,74.909,624.33,78.426,624.33,78.341
624.67,74.249,624.67,78.571,624.67,77.895
625,75.734,625,79.43,625,78.622
625.34,75.185,625.34,78.551,625.34,78.221
625.68,74.791,625.68,79.21,625.68,78.563
626.02,74.684,626.02,77.677,626.02,78.514
626.35,75.193,626.35,77.156,626.35,78.388
626.69,75.855,626.69,78.425,626.69,78.172
627.03,74.939,627.03,78.625,627.03,78.456
627.37,74.607,627.37,78.254,627.37,78.341
627.7,75.361,627.7,78.788,627.7,78.739
628.04,75.329,628.04,78.787,628.04,78.811
628.38,74.912,628.38,78.241,628.38,78.182
628.72,75.496,628.72,78.866,628.72,78.85
629.05,75.848,629.05,79.193,629.05,79.402
629.39,75.646,629.39,78.809,629.39,78.613
629.73,74.754,629.73,78.239,629.73,78.557
630.06,75.593,630.06,78.864,630.06,78.76
630.4,75.107,630.4,78.61,630.4,79.045
630.74,74.606,630.74,79.009,630.74,78.593
631.07,75.344,631.07,78.865,631.07,78.538
631.41,75.233,631.41,78.761,631.41,78.658
631.75,74.467,631.75,78.533,631.75,78.51
632.08,75.228,632.08,78.392,632.08,78.39
632.42,75.184,632.42,79.249,632.42,78.478
632.76,75.564,632.76,79.045,632.76,78.506
633.09,75.411,633.09,78.351,633.09,79.009
633.43,74.885,633.43,77.839,633.43,78.325
633.77,75.181,633.77,78.348,633.77,78.002
634.1,74.827,634.1,78.25,634.1,78.63
634.44,74.973,634.44,78.771,634.44,78.591
634.77,76.063,634.77,79.638,634.77,79.557
635.11,75.768,635.11,78.305,635.11,79.289
635.45,76.376,635.45,78.498,635.45,79.581
635.78,75.21,635.78,78.682,635.78,78.763
636.12,76.006,636.12,79.401,636.12,78.851
636.46,75.161,636.46,79.362,636.46,79.124
636.79,76.318,636.79,79.747,636.79,79.441
637.13,75.928,637.13,79.381,637.13,78.732
637.46,76.445,637.46,79.776,637.46,80.269
637.8,76.566,637.8,79.847,637.8,79.978
638.13,75.751,638.13,79.852,638.13,78.588
638.47,75.694,638.47,79.497,638.47,78.767
638.81,75.577,638.81,78.416,638.81,78.666
639.14,75.72,639.14,79.018,639.14,79.36
639.48,76.701,639.48,79.064,639.48,79.047
639.81,76.229,639.81,80.227,639.81,79.67
640.15,75.93,640.15,79.734,640.15,79.634
640.48,76.413,640.48,79.929,640.48,79.247
640.82,76.364,640.82,79.885,640.82,79.203
641.15,76.106,641.15,79.165,641.15,79.063
641.49,75.925,641.49,79.476,641.49,78.345
641.82,75.721,641.82,78.788,641.82,79.277
642.16,76.217,642.16,79.489,642.16,79.102
642.49,76.116,642.49,79.537,642.49,78.93
642.83,76.937,642.83,79.578,642.83,78.796
643.16,76.075,643.16,79.291,643.16,78.535
643.5,76.323,643.5,80.236,643.5,79.831
643.83,75.81,643.83,78.844,643.83,79.371
644.17,76.13,644.17,80.237,644.17,78.834
644.5,76.037,644.5,80.246,644.5,79.323
644.84,75.532,644.84,78.687,644.84,79.139
645.17,76.12,645.17,79.422,645.17,79.213
645.51,76.126,645.51,79.562,645.51,79.897
645.84,76.14,645.84,78.955,645.84,79.77
646.18,76.017,646.18,80.438,646.18,79.859
646.51,77.058,646.51,79.786,646.51,80.038
646.85,76.25,646.85,80.371,646.85,79.888
647.18,76.612,647.18,79.937,647.18,79.137
647.51,76.207,647.51,79.76,647.51,78.981
647.85,76.995,647.85,80.701,647.85,80.1
648.18,76.007,648.18,79.32,648.18,79.3
648.52,76.394,648.52,79.248,648.52,79.486
648.85,76.584,648.85,79.838,648.85,79.486
649.19,77.284,649.19,79.738,649.19,79.718
649.52,75.69,649.52,79.895,649.52,79.161
649.85,75.747,649.85,79.408,649.85,79.353
650.19,77.026,650.19,80.088,650.19,80.198
650.52,76.364,650.52,79.462,650.52,79.771
650.86,76.704,650.86,80.347,650.86,80.21
651.19,76.265,651.19,77.687,651.19,79.213
651.52,77.407,651.52,80.259,651.52,79.806
651.86,76.335,651.86,79.041,651.86,79.364
652.19,77.25,652.19,80.106,652.19,80.729
652.52,75.798,652.52,80.293,652.52,79.988
652.86,77.424,652.86,80.143,652.86,80.91
653.19,76.608,653.19,80.022,653.19,80.849
653.52,75.512,653.52,80.06,653.52,79.248
653.86,75.984,653.86,80.652,653.86,78.085
654.19,76.285,654.19,79.682,654.19,79.69
654.52,77.436,654.52,81.013,654.52,81.208
654.86,76.297,654.86,79.193,654.86,79.124
655.19,76.007,655.19,79.744,655.19,79.715
655.52,77.198,655.52,80.33,655.52,80.22
655.86,76.152,655.86,79.675,655.86,80.107
656.19,76.547,656.19,79.595,656.19,79.101
656.52,76.84,656.52,80.024,656.52,79.628
656.86,76.092,656.86,79.994,656.86,79.651
657.19,77.755,657.19,81.071,657.19,81.004
657.52,77.184,657.52,79.859,657.52,79.401
657.86,76.975,657.86,79.776,657.86,80.308
658.19,75.962,658.19,80.111,658.19,80.346
658.52,75.663,658.52,79.304,658.52,79.635
658.85,76.955,658.85,80.345,658.85,80.055
659.19,77.287,659.19,80.038,659.19,80.024
659.52,76.45,659.52,80.661,659.52,79.874
659.85,77.081,659.85,80.565,659.85,79.443
660.18,77.235,660.18,80.644,660.18,80.132
660.52,76.303,660.52,79.447,660.52,79.717
660.85,76.025,660.85,79.036,660.85,78.876
661.18,76.896,661.18,79.865,661.18,79.527
661.51,76.944,661.51,80.421,661.51,79.5
661.84,76.959,661.84,81.193,661.84,80.585
662.18,76.291,662.18,80.307,662.18,79.647
662.51,76.394,662.51,80.853,662.51,80.055
662.84,75.454,662.84,79.497,662.84,79.875
663.17,77.561,663.17,80.829,663.17,80.684
663.51,76.947,663.51,79.125,663.51,80.017
663.84,76.931,663.84,80.071,663.84,80.219
664.17,76.569,664.17,79.317,664.17,79.817
664.5,76.43,664.5,79.964,664.5,79.524
664.83,76.784,664.83,81.529,664.83,79.882
665.16,77.337,665.16,79.845,665.16,79.148
665.5,77.254,665.5,81.128,665.5,80.201
665.83,77.396,665.83,80.862,665.83,80.559
666.16,76.501,666.16,79.517,666.16,80.048
666.49,77.425,666.49,80.147,666.49,79.931
666.82,75.981,666.82,80.946,666.82,79.485
667.15,76.089,667.15,81.096,667.15,80.06
667.48,76.779,667.48,79.385,667.48,79.319
667.82,75.735,667.82,79.666,667.82,79.75
668.15,76.326,668.15,79.988,668.15,78.227
668.48,77.015,668.48,79.894,668.48,79.623
668.81,75.654,668.81,79.074,668.81,79.456
669.14,75.491,669.14,79.494,669.14,79.626
669.47,77.505,669.47,79.33,669.47,80.133
669.8,76.929,669.8,79.489,669.8,79.876
670.13,76.948,670.13,79.366,670.13,80.079
670.46,76.822,670.46,79.421,670.46,78.998
670.8,76.202,670.8,79.802,670.8,78.881
671.13,76.59,671.13,81.095,671.13,80.163
671.46,76.43,671.46,79.645,671.46,79.985
671.79,76.768,671.79,80.363,671.79,80.198
672.12,75.978,672.12,80.635,672.12,79.669
672.45,77.644,672.45,80.488,672.45,81.162
672.78,76.848,672.78,79.169,672.78,79.858
673.11,76,673.11,80.553,673.11,80.051
673.44,76.521,673.44,80.675,673.44,80.368
673.77,76.235,673.77,80.566,673.77,79.621
674.1,77.862,674.1,79.183,674.1,79.5
674.43,76.228,674.43,79.385,674.43,79.21
674.76,76.97,674.76,79.928,674.76,81.167
675.09,76.882,675.09,79.967,675.09,79.828
675.42,76.76,675.42,79.868,675.42,79.904
675.75,77.334,675.75,80.883,675.75,80.463
676.08,75.722,676.08,79.469,676.08,78.76
676.41,76.717,676.41,79.571,676.41,79.446
676.74,77.029,676.74,81.51,676.74,80.317
677.07,76.343,677.07,80.753,677.07,80.501
677.4,77.391,677.4,80.37,677.4,81.156
677.73,76.624,677.73,81.421,677.73,80.835
678.06,75.593,678.06,79.254,678.06,78.988
678.39,76.603,678.39,79.623,678.39,79.689
678.72,74.992,678.72,79.34,678.72,78.184
679.05,76.51,679.05,79.833,679.05,80.181
679.38,76.456,679.38,80.708,679.38,80.145
679.71,76.835,679.71,79.749,679.71,79.929
680.04,76.553,680.04,78.884,680.04,79.042
680.37,76.942,680.37,80.155,680.37,79.774
680.7,77.235,680.7,80.751,680.7,79.664
681.03,77.063,681.03,80.655,681.03,79.871
681.36,76.743,681.36,80.385,681.36,80.351
681.69,75.518,681.69,78.199,681.69,78.615
682.01,76.539,682.01,80.154,682.01,79.803
682.34,77.309,682.34,80.327,682.34,80.393
682.67,76.184,682.67,78.879,682.67,78.808
683,76.843,683,80.429,683,80.219
683.33,75.428,683.33,79.379,683.33,78.532
683.66,76.722,683.66,79.981,683.66,80.69
683.99,76.33,683.99,79.885,683.99,78.498
684.32,77.523,684.32,79.263,684.32,79.339
684.65,75.538,684.65,80.257,684.65,79.008
684.97,76.463,684.97,80.628,684.97,80.596
685.3,76.343,685.3,80.136,685.3,79.533
685.63,76.937,685.63,79.721,685.63,80.279
685.96,76.993,685.96,81.072,685.96,80.831
686.29,75.304,686.29,79.545,686.29,80.571
686.62,74.867,686.62,80.412,686.62,79.478
686.95,75.865,686.95,80.039,686.95,79.74
687.27,76.262,687.27,81.269,687.27,79.647
687.6,75.657,687.6,79.967,687.6,79.197
687.93,76.376,687.93,80.645,687.93,79.701
688.26,77.143,688.26,80.265,688.26,80.067
688.59,75.264,688.59,78.967,688.59,78.488
688.92,75.998,688.92,79.098,688.92,79.115
689.24,75.593,689.24,79.434,689.24,79.339
689.57,75.406,689.57,79.305,689.57,79.216
689.9,76.647,689.9,80.531,689.9,80.276
690.23,75.502,690.23,81.004,690.23,79.937
690.55,77.039,690.55,80.065,690.55,79.803
690.88,76.639,690.88,79.945,690.88,79.393
691.21,75.687,691.21,80.322,691.21,80.06
691.54,76.993,691.54,80.957,691.54,79.74
691.87,76.549,691.87,79.231,691.87,79.554
692.19,76.267,692.19,79.378,692.19,80.036
692.52,76.671,692.52,79.25,692.52,79.463
692.85,77.946,692.85,81.421,692.85,80.586
693.18,76.046,693.18,80.302,693.18,79.335
693.5,76.215,693.5,78.665,693.5,77.763
693.83,75.842,693.83,80.476,693.83,79.507
694.16,77.038,694.16,80.652,694.16,79.925
694.48,76.941,694.48,79.867,694.48,79.973
694.81,76.435,694.81,79.636,694.81,79.765
695.14,76.499,695.14,80.204,695.14,80.543
695.47,76.656,695.47,79.602,695.47,78.679
695.79,76.733,695.79,80.383,695.79,79.568
696.12,75.795,696.12,80.405,696.12,79.018
696.45,76.301,696.45,79.944,696.45,79.292
696.77,77.009,696.77,80.568,696.77,80.554
697.1,76.894,697.1,79.86,697.1,79.458
697.43,77.049,697.43,78.689,697.43,79.137
697.75,76.838,697.75,81.052,697.75,80.124
698.08,76.274,698.08,79.317,698.08,80.01
698.41,77.056,698.41,80.45,698.41,79.885
698.73,77.005,698.73,80.107,698.73,80.128
699.06,75.948,699.06,79.5,699.06,78.876
699.39,75.806,699.39,79.482,699.39,78.436
699.71,76.9,699.71,79.859,699.71,80.863
700.04,76.484,700.04,80.322,700.04,79.886
700.37,76.254,700.37,80.508,700.37,80.432
700.69,76.023,700.69,79.372,700.69,78.949
701.02,75.289,701.02,80.559,701.02,80.347
701.34,75.076,701.34,79.561,701.34,78.981
701.67,77.297,701.67,79.959,701.67,80.676
702,76.34,702,80.924,702,80.196
702.32,75.741,702.32,80.419,702.32,78.381
702.65,76.981,702.65,79.77,702.65,79.054
702.97,76.718,702.97,79.759,702.97,80.922
703.3,75.998,703.3,79.17,703.3,79.12
703.63,75.152,703.63,79.369,703.63,79.186
703.95,76.967,703.95,80.652,703.95,80.213
704.28,73.754,704.28,79.049,704.28,77.356
704.6,75.045,704.6,80.718,704.6,79.669
704.93,78.374,704.93,80.776,704.93,80.543
705.25,75.381,705.25,78.818,705.25,76.907
705.58,75.032,705.58,79.19,705.58,79.69
705.91,77.587,705.91,80.805,705.91,81.365
706.23,77.318,706.23,79.514,706.23,79.787
706.56,76.098,706.56,79.874,706.56,78.735
706.88,76.629,706.88,78.542,706.88,79.862
707.21,76.328,707.21,80.764,707.21,80.681
707.53,76.37,707.53,79.474,707.53,80.894
707.86,77.568,707.86,80.242,707.86,79.088
708.18,77.172,708.18,79.879,708.18,80.438
708.51,76.977,708.51,81.361,708.51,81.112
708.83,77.742,708.83,81.874,708.83,79.909
709.16,77.419,709.16,81.482,709.16,79.187
709.48,74.829,709.48,78.879,709.48,79.46
709.81,75.149,709.81,80.1,709.81,79.154
710.13,75.006,710.13,80.128,710.13,78.285
710.46,75.809,710.46,78.783,710.46,80.02
710.78,74.402,710.78,78.202,710.78,79.356
711.11,76.119,711.11,79.145,711.11,78.992
711.43,76.954,711.43,81.046,711.43,80.984
711.75,75.993,711.75,79.165,711.75,78.292
712.08,75.388,712.08,80.227,712.08,79.24
712.4,74.693,712.4,79.603,712.4,77.548
712.73,74.016,712.73,79.433,712.73,79.734
713.05,76.455,713.05,80.78,713.05,80.561
713.38,76.112,713.38,77.987,713.38,78.954
713.7,75.52,713.7,78.496,713.7,77.537
714.02,76.871,714.02,80.869,714.02,79.244
714.35,75.261,714.35,79.234,714.35,78.8
714.67,76.358,714.67,79.047,714.67,78.113
715,75.659,715,79.467,715,80.046
715.32,75.624,715.32,81.568,715.32,79.612
715.64,76.431,715.64,79.563,715.64,78.519
715.97,76.154,715.97,80.509,715.97,80.348
716.29,75.796,716.29,80.231,716.29,78.549
716.62,76.403,716.62,79.305,716.62,78.821
716.94,75.743,716.94,79.849,716.94,80.264
717.26,75.59,717.26,80.284,717.26,80.899
717.59,78.108,717.59,83.216,717.59,80.651
717.91,75.837,717.91,80.488,717.91,79.042
718.23,77.015,718.23,79.853,718.23,80.018
718.56,75.139,718.56,76.562,718.56,77.867
718.88,78.391,718.88,82.333,718.88,80.142
719.2,76.24,719.2,80.699,719.2,79.049
719.53,76.316,719.53,80.825,719.53,79.714
719.85,74.589,719.85,79.46,719.85,78.228
720.17,75.452,720.17,77.636,720.17,77.462
720.5,75.693,720.5,82.053,720.5,79.815
720.82,75.701,720.82,77.727,720.82,79.223
721.14,76.309,721.14,79.387,721.14,78.509
721.47,75.693,721.47,80.077,721.47,80.7
721.79,75.113,721.79,78.178,721.79,79.134
722.11,73.99,722.11,78.196,722.11,78.941
722.43,77.797,722.43,79.201,722.43,78.44
722.76,74.71,722.76,79.044,722.76,78.73
723.08,75.076,723.08,79.179,723.08,78.034
723.4,76.036,723.4,79.877,723.4,78.275
723.73,74.624,723.73,79.693,723.73,79.431
724.05,76.6,724.05,81.502,724.05,79.694
724.37,74.587,724.37,79.055,724.37,78.53
724.69,74.066,724.69,79.282,724.69,78.648
725.02,75.163,725.02,80.338,725.02,78.41
725.34,73.417,725.34,78.729,725.34,77.631
725.66,75.111,725.66,79.938,725.66,79.726
725.98,74.564,725.98,77.809,725.98,78.643
726.3,75.907,726.3,80.035,726.3,76.966
726.63,73.68,726.63,78.491,726.63,76.654
726.95,74.327,726.95,78.979,726.95,77.129
727.27,76.758,727.27,79.177,727.27,77.535
727.59,74.014,727.59,78.4,727.59,78.69
727.91,75.841,727.91,78.693,727.91,78.693
728.24,76.051,728.24,80.856,728.24,80.128
728.56,76.01,728.56,79.155,728.56,78.322
728.88,74.035,728.88,76.684,728.88,77.259
729.2,76.419,729.2,79.779,729.2,80.792
729.52,76.744,729.52,77.667,729.52,78.783
729.84,76.315,729.84,79.112,729.84,78.808
730.17,75.735,730.17,79.268,730.17,76.733
730.49,73.706,730.49,77.868,730.49,77.519
730.81,77.041,730.81,78.796,730.81,77.745
731.13,74.832,731.13,78.221,731.13,78.293
731.45,73.388,731.45,78.943,731.45,77.659
731.77,71.952,731.77,78.115,731.77,77.592
732.09,74.611,732.09,77.652,732.09,79.005
732.42,73.963,732.42,78.709,732.42,76.657
732.74,73.92,732.74,77.841,732.74,78.487
733.06,72.747,733.06,77.836,733.06,76.324
733.38,73.957,733.38,79.585,733.38,77.652
733.7,73.617,733.7,79.445,733.7,78.804
734.02,73.636,734.02,78.581,734.02,77.998
734.34,72.93,734.34,78.124,734.34,78.144
734.66,75.199,734.66,79.005,734.66,77.427
734.98,72.369,734.98,76.854,734.98,78.061
735.3,73.557,735.3,79.405,735.3,78.378
735.63,73.425,735.63,78.042,735.63,79.081
735.95,73.864,735.95,78.937,735.95,80.502
736.27,74.93,736.27,77.981,736.27,76.303
736.59,73.265,736.59,77.124,736.59,76.717
736.91,73.235,736.91,78.091,736.91,77.534
737.23,74.659,737.23,80.108,737.23,76.501
737.55,75.339,737.55,79.964,737.55,78.584
737.87,74.007,737.87,78.069,737.87,77.165
738.19,73.975,738.19,79.246,738.19,79.838
738.51,73.694,738.51,78.013,738.51,77.032
738.83,72.997,738.83,74.499,738.83,72.972
739.15,74.741,739.15,76.505,739.15,77.183
739.47,74.994,739.47,78.445,739.47,75.901
739.79,73.27,739.79,74.609,739.79,73.977
740.11,73.592,740.11,77.745,740.11,76.242
740.43,72.926,740.43,76.425,740.43,76.254
740.75,75.512,740.75,78.251,740.75,77.035
741.07,72.756,741.07,75.74,741.07,72.254
741.39,71.841,741.39,75.007,741.39,75.824
741.71,74.589,741.71,78.151,741.71,77.131
742.03,71.679,742.03,77.512,742.03,74.831
742.35,74.072,742.35,78.61,742.35,77.626
742.67,70.704,742.67,75.09,742.67,75.276
742.99,71.29,742.99,78.031,742.99,74.213
743.31,71.862,743.31,77.173,743.31,74.068
743.63,75.197,743.63,78.208,743.63,78.723
743.94,71.988,743.94,74.992,743.94,73.867
744.26,70.746,744.26,74.134,744.26,75.619
744.58,73.363,744.58,77.713,744.58,75.91
744.9,73.854,744.9,77.512,744.9,76.667
745.22,74.681,745.22,81.04,745.22,78.953
745.54,69.245,745.54,76.012,745.54,75.045
745.86,73.025,745.86,77.768,745.86,74.795
746.18,72.15,746.18,73.81,746.18,74.933
746.5,73.992,746.5,78.807,746.5,79.207
746.82,72.915,746.82,76.564,746.82,76.967
747.14,75.702,747.14,75.116,747.14,74.72
747.45,71.378,747.45,74.808,747.45,75.951
747.77,71.211,747.77,74.313,747.77,76.744
748.09,68.795,748.09,73.719,748.09,73.483
748.41,72.502,748.41,77.368,748.41,77.16
748.73,70.035,748.73,77.522,748.73,77.173
749.05,75.942,749.05,78.549,749.05,76.242
749.37,70.091,749.37,78.188,749.37,74.254
749.68,70.767,749.68,76.349,749.68,75.704
750,70.573,750,76.256,750,74.666
750.32,72.346,750.32,76.643,750.32,73.643
750.64,69.164,750.64,74.482,750.64,76.14
750.96,74.152,750.96,77.847,750.96,74.543
751.28,72.958,751.28,76.522,751.28,75.277
751.59,71.107,751.59,77.423,751.59,75.844
751.91,70.066,751.91,76.401,751.91,73.669
752.23,70.253,752.23,76.323,752.23,75.633
752.55,72.445,752.55,78.559,752.55,74.955
752.86,70.833,752.86,74.601,752.86,73.374
753.18,70.77,753.18,76.011,753.18,74.235
753.5,69.159,753.5,76.066,753.5,75.669
753.82,72.723,753.82,76.692,753.82,77.216
754.14,71.968,754.14,76.269,754.14,75.635
754.45,71.718,754.45,76.193,754.45,76.473
754.77,72.352,754.77,78.888,754.77,73.734
755.09,71.598,755.09,75.874,755.09,76.388
755.41,71.49,755.41,76.004,755.41,75.791
755.72,68.336,755.72,75.495,755.72,75.237
756.04,69.371,756.04,75.295,756.04,72.516
756.36,65.666,756.36,71.74,756.36,72.547
756.68,71.089,756.68,73.852,756.68,71.318
756.99,66.913,756.99,76.991,756.99,76.286
757.31,66.607,757.31,71.564,757.31,71.546
757.63,70.407,757.63,73.146,757.63,72.488
757.94,68.764,757.94,73.534,757.94,72.901
758.26,67.541,758.26,70.932,758.26,73.396
758.58,73.817,758.58,75.03,758.58,72.724
758.89,66.124,758.89,74.97,758.89,73.101
759.21,67.217,759.21,71.869,759.21,74.27
759.53,70.402,759.53,76.374,759.53,74.196
759.84,66.296,759.84,74.739,759.84,72.227
760.16,70.271,760.16,76.447,760.16,75.736
760.48,66.801,760.48,74.549,760.48,72.73
760.79,68.742,760.79,74.168,760.79,73.336
761.11,70.465,761.11,75.004,761.11,74.143
761.43,68.966,761.43,72.43,761.43,72.43
761.74,70.404,761.74,73.232,761.74,75.828
762.06,66.294,762.06,74.127,762.06,71.672
762.38,70.319,762.38,75.613,762.38,75.933
762.69,64.723,762.69,75.22,762.69,72.629
763.01,66.749,763.01,72.353,763.01,71.321
763.32,67.583,763.32,72.762,763.32,71.891
763.64,67.212,763.64,74.872,763.64,74.609
763.96,67.21,763.96,73.197,763.96,73.452
764.27,65.36,764.27,70.793,764.27,70.183
764.59,66.925,764.59,72.06,764.59,71.763
764.9,67.8,764.9,72.684,764.9,71.358
765.22,67.427,765.22,73.234,765.22,73.616
765.54,69.523,765.54,76.169,765.54,72.987
765.85,69.489,765.85,72.864,765.85,74.738
766.17,66.06,766.17,72.738,766.17,73.019
766.48,66.467,766.48,72.636,766.48,71.145
766.8,66.232,766.8,71.808,766.8,71.643
767.11,66.756,767.11,72.709,767.11,71.268
767.43,66.943,767.43,71.7,767.43,71.205
767.75,65.619,767.75,70.987,767.75,72.38
768.06,68.728,768.06,75.84,768.06,72.219
768.38,67.284,768.38,73.442,768.38,72.252
768.69,66.025,768.69,72.792,768.69,72.245
769.01,66.528,769.01,73.143,769.01,72.788
769.32,65.473,769.32,74.365,769.32,71.137
769.64,65.678,769.64,71.922,769.64,68.291
769.95,68.312,769.95,72.882,769.95,69.323
770.27,66.08,770.27,68.643,770.27,66.57
770.58,61.246,770.58,72.221,770.58,67.312
770.9,65.555,770.9,72.395,770.9,66.928
771.21,63.237,771.21,68.744,771.21,62.126
771.53,66.791,771.53,71.042,771.53,71.166
771.84,63.557,771.84,75.291,771.84,68.182
772.16,64.527,772.16,65.827,772.16,64.278
772.47,62.704,772.47,72.041,772.47,70.989
772.78,63.493,772.78,72.986,772.78,67.108
773.1,68.611,773.1,75.627,773.1,73.626
773.41,61.978,773.41,70.726,773.41,68.353
773.73,60.804,773.73,71.327,773.73,70.293
774.04,65.165,774.04,69.67,774.04,71.851
774.36,62.248,774.36,70.394,774.36,66.657
774.67,65.084,774.67,66.095,774.67,67.167
774.98,66.699,774.98,74.721,774.98,70.01
775.3,60.819,775.3,71.222,775.3,67.221
775.61,66.53,775.61,69.343,775.61,64.475
775.93,59.84,775.93,70.213,775.93,68.251
776.24,64.428,776.24,66.677,776.24,66.934
776.55,59.023,776.55,66.032,776.55,65.715
776.87,63.894,776.87,70.594,776.87,64.389
777.18,61.882,777.18,66.655,777.18,65.735
777.5,65.644,777.5,67.97,777.5,68.139
777.81,64.523,777.81,72.314,777.81,66.678
778.12,66.619,778.12,68.741,778.12,69.388
778.44,65.678,778.44,67.23,778.44,63.367
778.75,66.231,778.75,66.852,778.75,73.325
779.06,61.242,779.06,71.75,779.06,69.396
779.38,62.038,779.38,68.561,779.38,68.695
779.69,63.965,779.69,75.648,779.69,72.727
780,62.701,780,72.034,780,60.795
780.32,63.17,780.32,70.075,780.32,64.377
780.63,62.702,780.63,68.757,780.63,62.952
780.94,57.659,780.94,65.524,780.94,62.095
781.26,64.91,781.26,68.199,781.26,66.293
781.57,61.252,781.57,62.482,781.57,65.087
781.88,62.867,781.88,70.682,781.88,66.031
782.2,63.049,782.2,69.804,782.2,63.935
782.51,52.869,782.51,62.757,782.51,65.464
782.82,57.819,782.82,64.743,782.82,60.446
783.13,67.928,783.13,70.765,783.13,66.283
783.45,56.133,783.45,59.162,783.45,57.031
783.76,60.44,783.76,59.84,783.76,64.88
784.07,62.505,784.07,64.334,784.07,61.352
784.38,64.81,784.38,66.418,784.38,58.415
784.7,60.447,784.7,61.563,784.7,66.587
785.01,64.337,785.01,66.894,785.01,66.212
785.32,54.874,785.32,62.38,785.32,58.49
785.63,61.38,785.63,65.25,785.63,68.91
785.95,55.597,785.95,61.548,785.95,62.838
786.26,59.887,786.26,65.854,786.26,58.232
786.57,62.841,786.57,70.222,786.57,65.87
786.88,60.696,786.88,62.285,786.88,63.531
787.2,61.017,787.2,67.522,787.2,66.331
787.51,64.891,787.51,69.927,787.51,70.121
787.82,54.678,787.82,64.563,787.82,65.137
788.13,55.271,788.13,64.244,788.13,65.231
788.44,59.353,788.44,61.25,788.44,60.819
788.76,59.749,788.76,64.603,788.76,67.657
789.07,63.97,789.07,64.695,789.07,62.627
789.38,60.566,789.38,69.925,789.38,63.396
789.69,66.376,789.69,67.588,789.69,64.105
790,56.615,790,64.385,790,63.615
790.31,57.686,790.31,66.046,790.31,65.61
790.62,58.618,790.62,63.301,790.62,62.687
790.94,59.94,790.94,65.327,790.94,56.648
791.25,60.024,791.25,68.028,791.25,65.333
791.56,59.451,791.56,72.187,791.56,62.826
791.87,63.332,791.87,67.534,791.87,60.73
792.18,53.184,792.18,61.393,792.18,55.572
792.49,61.606,792.49,69.545,792.49,62.303
792.8,59.481,792.8,67.64,792.8,58.183
793.12,59.57,793.12,61.219,793.12,63.418
793.43,56.668,793.43,64.204,793.43,62.519
793.74,57.442,793.74,64.962,793.74,62.455
794.05,56.448,794.05,64.187,794.05,58.085
794.36,52.058,794.36,59.733,794.36,63.515
794.67,52.163,794.67,63.984,794.67,56.288
794.98,59.424,794.98,59.828,794.98,61.041
795.29,60.688,795.29,64.651,795.29,57.091
795.6,57.46,795.6,57.411,795.6,59.881
795.91,57.462,795.91,66.31,795.91,60.719
796.22,54.199,796.22,58.79,796.22,51.695
796.53,58.767,796.53,70.387,796.53,60.398
796.84,60.196,796.84,63.325,796.84,63.081
797.15,56.455,797.15,62.363,797.15,58.79
797.46,63.489,797.46,72.736,797.46,64.395
797.77,52.758,797.77,58.275,797.77,62.738
798.08,51.608,798.08,63.093,798.08,67.637
798.4,48.808,798.4,58.832,798.4,58.102
798.71,48.977,798.71,61.248,798.71,59.255
799.02,55.609,799.02,65.588,799.02,59.115
799.33,55.255,799.33,61.498,799.33,62.383
799.64,50.434,799.64,56.611,799.64,60.694
799.95,58.745,799.95,69.528,799.95,68.562
800.25,59.415,800.25,64.531,800.25,66.723
800.56,55.919,800.56,61.008,800.56,49.068
800.87,50.964,800.87,52.837,800.87,55.246
801.18,57.901,801.18,66.997,801.18,60.583
801.49,60.459,801.49,67.013,801.49,66.248
801.8,49.605,801.8,63.813,801.8,58.652
802.11,56.948,802.11,66.501,802.11,58.065
802.42,47.125,802.42,55.804,802.42,48.722
802.73,52.181,802.73,67.394,802.73,69.072
803.04,50.268,803.04,61.214,803.04,61.927
803.35,53.257,803.35,62.921,803.35,53.963
803.66,48.627,803.66,53.725,803.66,56.583
803.97,63.195,803.97,56.331,803.97,60.237
804.28,47.445,804.28,51.6,804.28,55.699
804.59,51.446,804.59,60,804.59,56.8
804.9,60.429,804.9,65.627,804.9,64.522
805.2,58.445,805.2,66.858,805.2,64.5
805.51,53.317,805.51,58.462,805.51,53.875
805.82,48.503,805.82,58.982,805.82,61.976
806.13,49.794,806.13,56.312,806.13,57.722
806.44,64.256,806.44,63.839,806.44,61.822
806.75,55.69,806.75,59.33,806.75,49.624
807.06,50.913,807.06,66.558,807.06,59.387
807.37,61.122,807.37,62.427,807.37,67.971
807.67,58.333,807.67,56.343,807.67,54.478
807.98,51.713,807.98,55.801,807.98,64.972
808.29,47.613,808.29,51.226,808.29,53.29
808.6,58.367,808.6,62.948,808.6,61.355
808.91,65.214,808.91,65.952,808.91,66.622
809.22,46.849,809.22,58.343,809.22,50.467
809.52,53.135,809.52,60.646,809.52,50.341
809.83,54.164,809.83,53.407,809.83,53.349
810.14,61.359,810.14,67.348,810.14,56.757
810.45,53.949,810.45,62.817,810.45,64.382
810.76,50.349,810.76,58.647,810.76,56.555
811.07,39.209,811.07,49.424,811.07,47.626
811.37,50.742,811.37,65.385,811.37,56.14
811.68,53.851,811.68,61.216,811.68,49.527
811.99,61.232,811.99,58.002,811.99,52.742
812.3,47.64,812.3,64.125,812.3,61.147
812.6,45.035,812.6,62.705,812.6,56.607
812.91,53.381,812.91,61.834,812.91,57.087
813.22,44.817,813.22,60.518,813.22,62.576
813.53,45.547,813.53,51.898,813.53,55.036
813.83,54.91,813.83,58.136,813.83,57.348
814.14,53.092,814.14,68.993,814.14,51.502
814.45,54.685,814.45,58.449,814.45,57.604
814.76,51.917,814.76,60.583,814.76,56.917
815.06,62.282,815.06,63.423,815.06,59.06
815.37,48.9,815.37,59.531,815.37,49.12
815.68,44.62,815.68,51.337,815.68,46.744
815.98,56.303,815.98,66.048,815.98,55.916
816.29,44.08,816.29,58.16,816.29,54.4
816.6,50.968,816.6,62.94,816.6,45.687
816.91,56.211,816.91,61.258,816.91,59.938
817.21,44.691,817.21,58.875,817.21,48.098
817.52,50.752,817.52,58.532,817.52,49.956
817.83,51.581,817.83,56.928,817.83,62.048
818.13,58.545,818.13,68.856,818.13,63.136
818.44,46.741,818.44,50.715,818.44,54.69
818.75,61.538,818.75,62.637,818.75,64.497
819.05,49.841,819.05,65.342,819.05,48.49
819.36,52.749,819.36,54.21,819.36,57.203
819.67,45.36,819.67,45.212,819.67,48.924
819.97,53.619,819.97,51.581,819.97,60.365
820.28,51.24,820.28,59.78,820.28,50.482
820.58,47.259,820.58,47.861,820.58,55.682
820.89,59.768,820.89,71.768,820.89,64.928
821.2,43.686,821.2,56.94,821.2,50.853
821.5,52.889,821.5,60.938,821.5,52.691
821.81,51.982,821.81,56.392,821.81,51.581
822.11,47.867,822.11,55.465,822.11,51.28
822.42,50.722,822.42,53.241,822.42,53.487
822.73,48.426,822.73,59.922,822.73,54.083
823.03,48.142,823.03,55.38,823.03,57.15
823.34,51.161,823.34,58.305,823.34,57.979
823.64,47.849,823.64,59.088,823.64,56.108
823.95,46.612,823.95,57.211,823.95,55.609
824.26,47.457,824.26,58.628,824.26,57.324
824.56,48.717,824.56,59.37,824.56,57.625
824.87,48.499,824.87,56.332,824.87,55.059
825.17,51.256,825.17,60.271,825.17,58.443
825.48,49.943,825.48,54.575,825.48,53.202
825.78,49.523,825.78,53.94,825.78,56.47
826.09,49.845,826.09,59.563,826.09,55.786
826.39,48.15,826.39,53.806,826.39,54.773
826.7,47.718,826.7,60.227,826.7,57.654
827,44.076,827,55.819,827,58.32
827.31,47.733,827.31,58.487,827.31,53.374
827.61,48.731,827.61,58.7,827.61,58.804
827.92,45.267,827.92,53.201,827.92,54.155
828.22,48.007,828.22,56.138,828.22,53.45
828.53,43.118,828.53,51.05,828.53,55.671
828.83,42.526,828.83,52.623,828.83,48.239
829.14,47.779,829.14,56.607,829.14,56.993
829.44,45.708,829.44,52.901,829.44,51.539
829.75,44.78,829.75,59.652,829.75,54.662
830.05,49.375,830.05,54.926,830.05,52.978
830.36,47.179,830.36,55.345,830.36,50.454
830.66,54.181,830.66,47.779,830.66,63.458
830.96,40.975,830.96,54.695,830.96,50.046
831.27,45.502,831.27,58.172,831.27,56.665
831.57,39.25,831.57,52.9,831.57,49.268
831.88,49.197,831.88,50.97,831.88,46.205
832.18,43.973,832.18,58.147,832.18,49.97
832.49,41.984,832.49,49.321,832.49,55.91
832.79,42.793,832.79,48.134,832.79,43.887
833.09,48.507,833.09,56.194,833.09,49.851
833.4,38.266,833.4,50.379,833.4,42.326
833.7,45.652,833.7,54.099,833.7,42.174
834.01,45.902,834.01,55.519,834.01,48.197
834.31,44.962,834.31,55.589,834.31,61.153
834.61,45.396,834.61,51.837,834.61,49.762
834.92,42.346,834.92,55.11,834.92,50.841
835.22,37.432,835.22,54.189,835.22,52.313
835.52,35.455,835.52,56.25,835.52,52.739
835.83,42.065,835.83,52.349,835.83,52.052
836.13,52.75,836.13,56.929,836.13,51.782
836.43,45.132,836.43,57.559,836.43,40.96
836.74,34.615,836.74,46.351,836.74,51.775
837.04,36.421,837.04,50.536,837.04,56.459
837.34,48.872,837.34,56.044,837.34,48.93
837.65,39.189,837.65,55.687,837.65,48.705
837.95,45.635,837.95,51.852,837.95,54.563
838.25,51.806,838.25,59.167,838.25,60.208
838.56,38.061,838.56,53.473,838.56,37.482
838.86,37.419,838.86,55.627,838.86,46.523
839.16,34.25,839.16,45.342,839.16,46.495
839.47,43.775,839.47,55.632,839.47,53.063
839.77,44.973,839.77,58.27,839.77,50.162
840.07,36.712,840.07,37.05,840.07,52.59
840.37,48.533,840.37,62.528,840.37,56.772
840.68,44.958,840.68,46.371,840.68,36.569
840.98,49.096,840.98,56.627,840.98,45.281
841.28,48.778,841.28,47.996,841.28,50.831
841.58,48.415,841.58,41.595,841.58,47.07
841.89,46.608,841.89,47.198,841.89,41.691
842.19,40.361,842.19,43.876,842.19,58.735
842.49,29.364,842.49,52.139,842.49,41.387
842.79,38.3,842.79,53.422,842.79,48.234
843.1,49.158,843.1,34.568,843.1,35.354
843.4,21.607,843.4,45.291,843.4,37.812
843.7,32.888,843.7,50,843.7,47.087
844,42.414,844,63.622,844,52.039
844.3,27.04,844.3,28.624,844.3,57.613
844.61,35.273,844.61,32.727,844.61,21.576
844.91,39.153,844.91,57.125,844.91,54.557
845.21,31.548,845.21,41.22,845.21,17.56
845.51,18.435,845.51,27.304,845.51,39.304
845.81,47.554,845.81,46.332,845.81,45.924
846.11,31.793,846.11,53.081,846.11,40.896
846.42,44.197,846.42,46.264,846.42,47.377
846.72,45.427,846.72,47.826,846.72,51.874
847.02,28.571,847.02,39.596,847.02,44.565
847.32,50.914,847.32,63.708,847.32,76.24
847.62,62.615,847.62,76,847.62,44.769
847.92,44.426,847.92,26.23,847.92,30.82
848.22,52.715,848.22,36.602,848.22,29.072
848.53,42.402,848.53,36.773,848.53,45.028
848.83,42.509,848.83,41.463,848.83,52.962
849.13,43.16,849.13,40.879,849.13,54.397
849.43,44.216,849.43,52.185,849.43,73.265
849.73,18.347,849.73,55.242,849.73,45.968
850.03,28.495,850.03,57.796,850.03,52.957
850.33,53.307,850.33,69.65,850.33,41.634
850.63,45.295,850.63,55.343,850.63,29.984
850.93,45.558,850.93,42.911,850.93,55.198
851.23,31.672,851.23,42.122,851.23,58.039
851.54,-6.101,851.54,42.175,851.54,40.849
851.84,24.545,851.84,43.818,851.84,32.727
852.14,16.196,852.14,10.358,852.14,21.846
852.44,30.786,852.44,61.354,852.44,5.459
852.74,33.894,852.74,-22.356,852.74,41.346
853.04,55.556,853.04,77.778,853.04,30.303
853.34,37.083,853.34,59.167,853.34,20.417
853.64,45.809,853.64,69.396,853.64,24.366
853.94,57.073,853.94,43.659,853.94,22.439
854.24,53.475,854.24,50.772,854.24,39.768
854.54,58.482,854.54,33.705,854.54,35.491
854.84,34.194,854.84,62.581,854.84,22.581
855.14,17.857,855.14,24.206,855.14,21.032
855.44,49.79,855.44,61.345,855.44,35.924
855.74,42.857,855.74,43.527,855.74,44.643
856.04,78.696,856.04,16.522,856.04,14.783
856.34,30.695,856.34,33.333,856.34,28.537
856.64,44.388,856.64,103.571,856.64,69.898
856.94,-11.712,856.94,25.526,856.94,81.081
857.24,37.353,857.24,71.176,857.24,59.118
857.54,16.116,857.54,32.025,857.54,32.231
857.84,54.138,857.84,26.552,857.84,26.897
858.14,54.348,858.14,47.585,858.14,26.087
858.43,45.021,858.43,48.34,858.43,27.801
858.73,63.014,858.73,68.885,858.73,36.204
859.03,36.923,859.03,75.385,859.03,65.714
859.33,42.38,859.33,50.313,859.33,28.601
859.63,34.454,859.63,45.798,859.63,58.824
859.93,47.336,859.93,76.23,859.93,44.057
860.23,27.459,860.23,-4.508,860.23,28.279
860.53,5.644,860.53,51.675,860.53,46.032
860.83,41.27,860.83,32.426,860.83,39.002
861.13,5.307,861.13,45.251,861.13,11.732
861.43,21.538,861.43,44,861.43,46.769
861.72,23.955,861.72,48.189,861.72,19.22
862.02,38.629,862.02,47.664,862.02,29.283
862.32,44.931,862.32,49.078,862.32,19.816
862.62,25.907,862.62,26.684,862.62,39.896
862.92,2.548,862.92,78.981,862.92,0.637
863.22,24.685,863.22,37.28,863.22,15.113
863.52,10.511,863.52,11.648,863.52,21.307
863.81,31.707,863.81,2.439,863.81,35.714
864.11,27.296,864.11,45.918,864.11,46.684
864.41,36.706,864.41,26.19,864.41,26.984
864.71,46.849,864.71,76.05,864.71,77.731
865.01,18.493,865.01,24.658,865.01,-12.329
865.31,45.614,865.31,51.462,865.31,33.041
865.6,29.327,865.6,64.183,865.6,55.769
865.9,12.652,865.9,21.655,865.9,10.949
866.2,57.252,866.2,53.944,866.2,22.392
866.5,65.69,866.5,26.151,866.5,31.59
866.79,28.406,866.79,33.913,866.79,15.072
867.09,33.189,867.09,15.835,867.09,24.729
867.39,40.977,867.39,20.594,867.39,26.539
867.69,-21.25,867.69,1.875,867.69,48.125
867.99,26.816,867.99,14.246,867.99,18.994
868.28,80.062,868.28,76.636,868.28,25.234
868.58,38.849,868.58,105.396,868.58,10.791
868.88,11.685,868.88,59.783,868.88,34.239
869.18,-1.847,869.18,1.055,869.18,2.902
869.47,16.949,869.47,150.847,869.47,-55.932
869.77,54.934,869.77,66.447,869.77,51.316
870.07,14.045,870.07,7.303,870.07,-8.427
870.36,15.691,870.36,18.883,870.36,14.362
870.66,33.724,870.66,37.243,870.66,40.469
870.96,26.4,870.96,45.6,870.96,29.867
871.26,47.835,871.26,62.121,871.26,43.506
871.55,24.242,871.55,44.289,871.55,41.026
871.85,-2.183,871.85,23.144,871.85,-17.904
872.15,38.845,872.15,48.294,872.15,35.171
872.44,65.73,872.44,10.674,872.44,27.528
872.74,4.878,872.74,44.986,872.74,26.287
873.04,24.771,873.04,58.028,873.04,21.56
873.33,59.231,873.33,30.513,873.33,27.692
873.63,39.27,873.63,40.558,873.63,27.039
873.93,50.49,873.93,36.275,873.93,32.598
874.22,48.371,874.22,4.01,874.22,35.84
874.52,3.835,874.52,4.13,874.52,17.109
874.81,43.976,874.81,17.771,874.81,22.289
875.11,13.112,875.11,4.11,875.11,7.632
875.41,31.69,875.41,68.31,875.41,60.563
875.7,26.866,875.7,28.731,875.7,2.425
876,66.219,876,59.284,876,60.403
876.3,10.588,876.3,25.412,876.3,-16.235
876.59,12.948,876.59,23.416,876.59,-0.275
876.89,19.321,876.89,4.961,876.89,-4.7
877.18,56.812,877.18,70.145,877.18,59.13
877.48,17.38,877.48,32.888,877.48,-13.369
877.77,26.282,877.77,44.658,877.77,54.487
878.07,53.1,878.07,15.364,878.07,20.485
878.37,60.219,878.37,44.891,878.37,1.825
878.66,22.273,878.66,16.364,878.66,21.364
878.96,53.301,878.96,57.946,878.96,27.628
879.25,51.538,879.25,45.769,879.25,65.769
879.55,41.903,879.55,32.591,879.55,56.275
879.84,34.794,879.84,77.577,879.84,30.67
880.14,22.259,880.14,4.319,880.14,53.156
880.43,-13.911,880.43,3.937,880.43,7.087
880.73,24.435,880.73,51.745,880.73,30.801
881.02,16.667,881.02,0.926,881.02,-18.827
881.32,37.009,881.32,31.028,881.32,25.981
881.61,9.293,881.61,-14.747,881.61,-15.758
881.91,28.03,881.91,21.364,881.91,9.697
882.2,46.365,882.2,50.179,882.2,44.577
882.5,18.008,882.5,41.667,882.5,23.372
882.79,38.211,882.79,34.294,882.79,34.146
883.09,22.272,883.09,35.996,883.09,35.377
883.38,27.074,883.38,45.053,883.38,37.181
883.68,30.649,883.68,41.832,883.68,42.43
883.97,27.423,883.97,39.503,883.97,37.555
884.27,39.21,884.27,47.062,884.27,37.476
884.56,30.599,884.56,40.918,884.56,32.817
884.86,29.094,884.86,35.559,884.86,32.803
