176.99,147.619,176.99,80.952,176.99,-552.381
177.38,147.619,177.38,80.952,177.38,-552.381
177.77,147.619,177.77,80.952,177.77,-552.381
178.16,24.365,178.16,77.157,178.16,107.107
178.55,384.615,178.55,46.154,178.55,838.462
178.94,363.158,178.94,857.895,178.94,331.579
179.33,144.776,179.33,22.388,179.33,-56.716
179.72,0,179.72,-109.375,179.72,159.375
180.11,-27.679,180.11,50.893,180.11,-9.821
180.5,-2842.857,180.5,-885.714,180.5,-1700
180.89,-64.706,180.89,291.176,180.89,-320.588
181.28,42.857,181.28,47.619,181.28,150
181.67,264,181.67,404,181.67,26
182.05,-3650,182.05,-1350,182.05,-2700
182.44,904,182.44,-160,182.44,-152
182.83,85.714,182.83,353.571,182.83,225
183.22,133.117,183.22,-10.39,183.22,38.961
183.61,-34.615,183.61,-21.795,183.61,-74.359
184,-33.962,184,-54.717,184,-116.981
184.39,96.703,184.39,28.571,184.39,124.176
184.78,-1266.667,184.78,-800,184.78,900
185.17,93.388,185.17,36.777,185.17,62.397
185.55,8.051,185.55,8.475,185.55,48.729
185.94,27.068,185.94,-95.489,185.94,-19.549
186.33,11.531,186.33,8.151,186.33,3.976
186.72,-34.74,186.72,-29.221,186.72,-58.766
187.11,40,187.11,-24.262,187.11,-14.754
187.5,10.602,187.5,-8.309,187.5,-2.865
187.89,-17.972,187.89,-15.207,187.89,4.147
188.27,-11.039,188.27,-9.74,188.27,18.831
188.66,4,188.66,-5.538,188.66,-14.462
189.05,12.079,189.05,36.634,189.05,36.04
189.44,7.824,189.44,19.315,189.44,22.738
189.83,12.95,189.83,36.211,189.83,-18.465
190.22,20.947,190.22,16.029,190.22,18.397
190.6,36.204,190.6,8.436,190.6,12.127
190.99,12.754,190.99,15.342,190.99,10.536
191.38,4.556,191.38,33.094,191.38,6.954
191.77,7.215,191.77,27.349,191.77,21.644
192.16,12.883,192.16,24.847,192.16,-20.245
192.54,1.653,192.54,3.099,192.54,-14.669
192.93,33.741,192.93,50.856,192.93,23.961
193.32,-0.224,193.32,-18.61,193.32,-15.695
193.71,1.072,193.71,5.63,193.71,-1.609
194.1,-71.196,194.1,-79.348,194.1,-124.457
194.48,1.596,194.48,-8.688,194.48,0
194.87,5.351,194.87,14.022,194.87,-24.539
195.26,39.678,195.26,13.47,195.26,12.738
195.65,10.829,195.65,-1.184,195.65,-1.354
196.04,13.688,196.04,25.282,196.04,16.103
196.42,1.217,196.42,-22.312,196.42,-18.053
196.81,-3.492,196.81,20.112,196.81,15.782
197.2,15.019,197.2,14.259,197.2,0.19
197.59,2.415,197.59,-0.483,197.59,-18.841
197.97,-0.988,197.97,4.743,197.97,-16.206
198.36,20.038,198.36,4.537,198.36,-13.422
198.75,-25.806,198.75,-11.183,198.75,-41.72
199.14,-14.313,199.14,-28.06,199.14,-32.58
199.52,29.224,199.52,-13.47,199.52,7.991
199.91,6.434,199.91,22.52,199.91,0
200.3,13.026,200.3,14.654,200.3,16.689
200.69,-14.286,200.69,-45.199,200.69,-19.438
201.07,-12.075,201.07,-6.122,201.07,-14.796
201.46,1.559,201.46,12.95,201.46,1.199
201.85,-20.768,201.85,-14.083,201.85,-4.552
202.23,4.061,202.23,16.497,202.23,10.66
202.62,5.535,202.62,-12.83,202.62,9.56
203.01,-1.284,203.01,5.563,203.01,2.282
203.4,-15.008,203.4,-23.272,203.4,-5.565
203.78,14.982,203.78,13.52,203.78,-3.776
204.17,0.342,204.17,1.025,204.17,-12.756
204.56,9.847,204.56,12.237,204.56,3.25
204.94,5.493,204.94,11.292,204.94,-2.442
205.33,23.379,205.33,9.3,205.33,22.27
205.72,9.324,205.72,5.21,205.72,11.609
206.1,-5.78,206.1,-12.432,206.1,-6.434
206.49,12.219,206.49,-6.967,206.49,9.432
206.88,-2.691,206.88,2.332,206.88,-7.354
207.26,-7.24,207.26,-1.784,207.26,0.944
207.65,0,207.65,-4.897,207.65,-7.399
208.04,14.777,208.04,18.587,208.04,-0.279
208.42,27.529,208.42,0.352,208.42,-2.199
208.81,1.235,208.81,18.182,208.81,2.357
209.2,-2.186,209.2,-12.022,209.2,5.683
209.58,17.732,209.58,18.85,209.58,14.936
209.97,5.219,209.97,6.818,209.97,12.626
210.36,19.264,210.36,4.88,210.36,10.531
210.74,9.606,210.74,9.37,210.74,5.748
211.13,6.827,211.13,2.327,211.13,9.465
211.51,-1.657,211.51,6.709,211.51,7.34
211.9,3.171,211.9,0.732,211.9,-5.041
212.29,-4.681,212.29,-8.959,212.29,-9.605
212.67,7.337,212.67,2.989,212.67,-0.883
213.06,-1.964,213.06,-2.128,213.06,-10.884
213.45,-8.096,213.45,-8.021,213.45,0.675
213.83,0.692,213.83,-0.231,213.83,-6.226
214.22,0.552,214.22,-2.208,214.22,2.83
214.6,2.342,214.6,-5.777,214.6,4.528
214.99,0.221,214.99,3.537,214.99,-0.59
215.38,7.38,215.38,3.44,215.38,7.63
215.76,-9.786,215.76,1.231,215.76,1.167
216.15,5.13,216.15,6.792,216.15,4.552
216.53,4.025,216.53,5.98,216.53,7.993
216.92,-6.12,216.92,-9.31,216.92,-9.049
217.3,-1.271,217.3,-2.668,217.3,-1.652
217.69,-8.842,217.69,-0.822,217.69,-4.935
218.08,-4.932,218.08,-4.337,218.08,-13.31
218.46,-1.755,218.46,-4.417,218.46,0
218.85,7.733,218.85,4.608,218.85,11.282
219.23,4.798,219.23,5.964,219.23,8.251
219.62,-6.051,219.62,-2.866,219.62,-7.097
220,0.926,220,4.718,220,-4.321
220.39,-5.509,220.39,0.631,220.39,-3.154
220.77,2.337,220.77,-2.262,220.77,1.168
221.16,6.556,221.16,2.185,221.16,5.325
221.55,7.325,221.55,2.858,221.55,3.357
221.93,0.028,221.93,2.749,221.93,0
222.32,-5.415,222.32,2.8,222.32,0.634
222.7,3.155,222.7,2.689,222.7,5.353
223.09,-1.061,223.09,3.927,223.09,4.033
223.47,0.294,223.47,3.526,223.47,2.742
223.86,2.063,223.86,5.42,223.86,5.102
224.24,1.502,224.24,0.795,224.24,-3.005
224.63,1.098,224.63,-0.264,224.63,1.748
225.01,3.17,225.01,3.971,225.01,3.953
225.4,0.922,225.4,-0.484,225.4,-0.313
225.78,-0.636,225.78,0.582,225.78,-0.691
226.17,1.152,226.17,2.317,226.17,0.264
226.55,1.327,226.55,0.99,226.55,-0.098
226.94,0.392,226.94,-0.448,226.94,-0.224
227.32,0.345,227.32,0.833,227.32,0.779
227.71,1.045,227.71,0.468,227.71,0.993
228.09,1.498,228.09,1.039,228.09,0.799
228.48,0.907,228.48,0.687,228.48,1.057
228.86,0.75,228.86,0.7,228.86,0.877
229.24,1.174,229.24,1.056,229.24,1.648
229.63,0.782,229.63,0.612,229.63,0.644
230.01,1.068,230.01,0.921,230.01,1.082
230.4,1.581,230.4,0.373,230.4,1.493
230.78,0.962,230.78,1.174,230.78,0.864
231.17,0.957,231.17,1.621,231.17,1.701
231.55,1.453,231.55,-0.088,231.55,0.562
231.94,1.249,231.94,1.821,231.94,2.481
232.32,1.104,232.32,0.993,232.32,1.278
232.7,1.261,232.7,0.955,232.7,2.137
233.09,1.508,233.09,0.843,233.09,0.503
233.47,1.182,233.47,1.657,233.47,1.483
233.86,1.346,233.86,1.126,233.86,1.956
234.24,0.262,234.24,0.013,234.24,0.589
234.63,0.987,234.63,1.473,234.63,2.071
235.01,0.961,235.01,1.452,235.01,1.569
235.39,1.075,235.39,0.902,235.39,1.428
235.78,1.157,235.78,1.218,235.78,0.756
236.16,0.869,236.16,1.229,236.16,1.776
236.54,1.397,236.54,1.381,236.54,2.163
236.93,0.806,236.93,1.142,236.93,1.049
237.31,2.463,237.31,1.356,237.31,0.781
237.7,0.928,237.7,1.443,237.7,1.529
238.08,0.933,238.08,2.084,238.08,1.667
238.46,1.6,238.46,0.768,238.46,1.317
238.85,0.359,238.85,-0.26,238.85,-0.031
239.23,0.391,239.23,0.96,239.23,1.378
239.61,1.081,239.61,0.699,239.61,1.27
240,0.748,240,0.498,240,0.705
240.38,1.077,240.38,1.464,240.38,0.631
240.77,1.283,240.77,0.679,240.77,1.024
241.15,0.959,241.15,1.092,241.15,1.251
241.53,0.746,241.53,1.043,241.53,1.247
241.92,1.113,241.92,0.994,241.92,1.089
242.3,0.675,242.3,0.723,242.3,0.835
242.68,0.838,242.68,0.772,242.68,0.886
243.07,1.009,243.07,1.159,243.07,1.424
243.45,0.792,243.45,1.269,243.45,0.875
243.83,1.935,243.83,1.593,243.83,1.524
244.22,0.791,244.22,1.127,244.22,0.993
244.6,-0.052,244.6,0.919,244.6,0.367
244.98,1.48,244.98,0.281,244.98,0.965
245.36,1.11,245.36,1.057,245.36,0.853
245.75,0.871,245.75,0.847,245.75,0.924
246.13,0.791,246.13,1.073,246.13,1.258
246.51,0.601,246.51,0.815,246.51,0.934
246.9,0.809,246.9,0.87,246.9,0.955
247.28,1.01,247.28,1.163,247.28,1.359
247.66,0.941,247.66,0.89,247.66,0.989
248.04,0.754,248.04,0.682,248.04,0.942
248.43,1.126,248.43,1.089,248.43,1.281
248.81,0.959,248.81,1.412,248.81,1.007
249.19,0.792,249.19,0.719,249.19,1.415
249.58,0.854,249.58,1.191,249.58,0.923
249.96,0.387,249.96,-0.135,249.96,0.232
250.34,1.132,250.34,1.199,250.34,1.084
250.72,0.841,250.72,-0.099,250.72,0.63
251.11,0.672,251.11,0.6,251.11,0.937
251.49,0.381,251.49,0.802,251.49,1.118
251.87,0.916,251.87,1.173,251.87,1.327
252.25,1.282,252.25,0.727,252.25,1.301
252.63,0.795,252.63,0.43,252.63,0.876
253.02,0.944,253.02,1.843,253.02,1.477
253.4,0.304,253.4,0.731,253.4,0.607
253.78,-1.085,253.78,-0.306,253.78,0.584
254.16,1.523,254.16,1.595,254.16,0.839
254.55,1.469,254.55,1.652,254.55,1.097
254.93,0.416,254.93,0.154,254.93,0.934
255.31,1.747,255.31,1.747,255.31,1.664
255.69,2.326,255.69,2.256,255.69,1.54
256.07,1.424,256.07,0.689,256.07,1.444
256.46,1.712,256.46,2.12,256.46,1.552
256.84,1.242,256.84,1.004,256.84,1.072
257.22,0.993,257.22,0.7,257.22,1.126
257.6,0.676,257.6,1.297,257.6,0.776
257.98,1.129,257.98,1.166,257.98,1.293
258.37,0.866,258.37,0.701,258.37,0.972
258.75,1.257,258.75,1.354,258.75,1.616
259.13,0.891,259.13,1.175,259.13,1.288
259.51,0.842,259.51,0.762,259.51,1.026
259.89,0.783,259.89,1.003,259.89,1.257
260.27,0.724,260.27,1.026,260.27,1.103
260.65,0.569,260.65,0.844,260.65,1.065
261.04,0.774,261.04,0.752,261.04,1.135
261.42,0.709,261.42,1.332,261.42,1.639
261.8,0.702,261.8,0.563,261.8,0.766
262.18,1.092,262.18,0.587,262.18,1.447
262.56,1.388,262.56,1.164,262.56,1.17
262.94,1.521,262.94,1.288,262.94,1.282
263.32,1.063,263.32,1.894,263.32,1.394
263.71,0.902,263.71,1.182,263.71,1.03
264.09,0.472,264.09,0.898,264.09,1.214
264.47,0.709,264.47,0.437,264.47,1.179
264.85,0.467,264.85,0.622,264.85,0.358
265.23,0.191,265.23,0.527,265.23,0.467
265.61,0.727,265.61,0.655,265.61,1.171
265.99,0.839,265.99,1.435,265.99,1.072
266.37,1.255,266.37,1.213,266.37,1.74
266.75,0.462,266.75,0.627,266.75,1.001
267.13,0.503,267.13,0.692,267.13,0.698
267.52,0.783,267.52,0.689,267.52,1.291
267.9,1.042,267.9,0.927,267.9,1.087
268.28,0.899,268.28,0.81,268.28,0.978
268.66,0.857,268.66,0.848,268.66,1.057
269.04,0.871,269.04,1.299,269.04,1.284
269.42,0.859,269.42,1.035,269.42,0.982
269.8,1.05,269.8,1.128,269.8,1.101
270.18,0.883,270.18,1.055,270.18,1.122
270.56,0.684,270.56,0.813,270.56,0.733
270.94,0.206,270.94,0.839,270.94,0.624
271.32,0.929,271.32,1.337,271.32,0.861
271.7,0.951,271.7,0.966,271.7,1.272
272.08,1.317,272.08,1.187,272.08,1.365
272.46,1.158,272.46,0.836,272.46,1.227
272.84,1.169,272.84,0.694,272.84,0.817
273.22,0.697,273.22,0.716,273.22,0.821
273.6,0.679,273.6,0.826,273.6,0.983
273.98,0.769,273.98,0.415,273.98,0.889
274.36,0.585,274.36,1.313,274.36,0.951
274.74,0.717,274.74,0.43,274.74,1.132
275.12,0.627,275.12,0.71,275.12,0.882
275.5,0.469,275.5,0.24,275.5,0.557
275.88,0.963,275.88,0.657,275.88,1.232
276.26,1.093,276.26,1.93,276.26,1.143
276.64,0.597,276.64,0.961,276.64,0.895
277.02,-0.07,277.02,0.37,277.02,0.546
277.4,0.611,277.4,0.477,277.4,1.091
277.78,0.872,277.78,1.329,277.78,1.217
278.16,0.819,278.16,0.676,278.16,1.266
278.54,0.727,278.54,0.856,278.54,1.3
278.92,1.063,278.92,0.769,278.92,0.766
279.3,1.143,279.3,1.448,279.3,1.1
279.68,0.717,279.68,0.97,279.68,0.795
280.06,0.924,280.06,1.093,280.06,1.032
280.44,0.281,280.44,0.54,280.44,1.137
280.82,1.226,280.82,1.44,280.82,1.371
281.2,1.036,281.2,1.107,281.2,1.255
281.58,0.489,281.58,0.85,281.58,1.026
281.96,0.72,281.96,0.558,281.96,1.061
282.34,0.24,282.34,0.252,282.34,0.499
282.72,0.647,282.72,1.144,282.72,0.819
283.1,0.984,283.1,1.304,283.1,1.008
283.48,0.53,283.48,0.856,283.48,1.035
283.86,0.788,283.86,0.846,283.86,1.014
284.23,0.713,284.23,0.67,284.23,1.046
284.61,1.166,284.61,1.026,284.61,1.255
284.99,0.645,284.99,1.059,284.99,1.229
285.37,0.91,285.37,0.899,285.37,0.879
285.75,0.645,285.75,0.558,285.75,0.919
286.13,0.85,286.13,0.871,286.13,0.994
286.51,0.844,286.51,0.983,286.51,1.106
286.89,1.065,286.89,1.065,286.89,1.187
287.27,0.935,287.27,0.917,287.27,0.825
287.65,0.898,287.65,0.831,287.65,1.204
288.02,0.755,288.02,0.59,288.02,0.985
288.4,0.99,288.4,0.985,288.4,1.04
288.78,0.791,288.78,0.907,288.78,1.48
289.16,1.133,289.16,1.399,289.16,1.447
289.54,1.328,289.54,1.415,289.54,1.658
289.92,0.857,289.92,1.191,289.92,1.256
290.3,0.724,290.3,1.187,290.3,1.104
290.67,0.733,290.67,0.994,290.67,1.179
291.05,1.165,291.05,0.881,291.05,1.249
291.43,1.326,291.43,1.494,291.43,1.35
291.81,0.793,291.81,1.092,291.81,1.159
292.19,0.674,292.19,0.38,292.19,0.543
292.57,1.01,292.57,1.332,292.57,1.35
292.94,0.975,292.94,0.561,292.94,1.025
293.32,0.663,293.32,0.655,293.32,0.977
293.7,1.162,293.7,0.852,293.7,1.245
294.08,1.101,294.08,0.972,294.08,1.347
294.46,1.176,294.46,1.327,294.46,1.839
294.83,0.973,294.83,0.946,294.83,1.234
295.21,1.081,295.21,1.167,295.21,1.484
295.59,1.363,295.59,1.268,295.59,1.803
295.97,1.005,295.97,1.181,295.97,1.396
296.35,1.258,296.35,1.198,296.35,1.284
296.72,1.136,296.72,1.149,296.72,0.832
297.1,0.736,297.1,1.117,297.1,1.318
297.48,0.886,297.48,0.818,297.48,0.945
297.86,1.13,297.86,1.061,297.86,1.604
298.24,1.157,298.24,0.779,298.24,1.303
298.61,1.195,298.61,1.177,298.61,1.28
298.99,1.193,298.99,1.026,298.99,1.113
299.37,1.019,299.37,1.518,299.37,1.676
299.75,1.397,299.75,1.353,299.75,1.525
300.12,0.559,300.12,0.278,300.12,0.778
300.5,0.708,300.5,1.148,300.5,1.289
300.88,0.646,300.88,0.772,300.88,0.818
301.26,1.044,301.26,1.39,301.26,1.313
301.63,1.39,301.63,1.476,301.63,1.644
302.01,1.399,302.01,1.508,302.01,1.97
302.39,1.864,302.39,2.083,302.39,1.723
302.77,0.921,302.77,0.76,302.77,1.598
303.14,1.106,303.14,1.074,303.14,1.145
303.52,1.643,303.52,1.363,303.52,1.565
303.9,1.261,303.9,1.352,303.9,1.736
304.27,1.136,304.27,1.054,304.27,1.659
304.65,1.17,304.65,1.404,304.65,1.761
305.03,1.605,305.03,1.624,305.03,1.491
305.4,1.678,305.4,1.768,305.4,2.041
305.78,1.289,305.78,1.139,305.78,1.508
306.16,1.304,306.16,1.088,306.16,1.291
306.54,1.74,306.54,1.371,306.54,2.065
306.91,0.88,306.91,0.836,306.91,1.356
307.29,1.647,307.29,1.24,307.29,1.847
307.67,1.036,307.67,0.138,307.67,1.238
308.04,1.061,308.04,0.957,308.04,1.171
308.42,1.041,308.42,1.015,308.42,1.409
308.8,1.626,308.8,1.478,308.8,1.882
309.17,0.865,309.17,1.06,309.17,1.086
309.55,1.139,309.55,1.121,309.55,1.339
309.93,1.369,309.93,1.12,309.93,1.249
310.3,1.231,310.3,1.186,310.3,1.352
310.68,1.211,310.68,0.991,310.68,1.41
311.05,1.066,311.05,1.019,311.05,1.424
311.43,1.618,311.43,1.192,311.43,1.447
311.81,1.048,311.81,1.155,311.81,1.696
312.18,0.948,312.18,0.951,312.18,0.937
312.56,1.403,312.56,1.511,312.56,1.589
312.94,1.26,312.94,1.328,312.94,1.541
313.31,0.924,313.31,1.151,313.31,1.312
313.69,1.384,313.69,1.783,313.69,1.494
314.06,0.779,314.06,1.171,314.06,0.991
314.44,1.406,314.44,1.241,314.44,1.443
314.82,1.424,314.82,1.038,314.82,1.446
315.19,1.197,315.19,0.909,315.19,1.024
315.57,1.712,315.57,0.963,315.57,1.297
315.94,1.596,315.94,1.691,315.94,1.408
316.32,1.204,316.32,1.115,316.32,1.642
316.69,1.122,316.69,1.533,316.69,1.273
317.07,1.533,317.07,1.083,317.07,1.223
317.45,1.47,317.45,0.975,317.45,1.511
317.82,1.115,317.82,0.686,317.82,0.347
318.2,0.464,318.2,0.196,318.2,1.023
318.57,0.966,318.57,1.801,318.57,1.057
318.95,1.051,318.95,0.973,318.95,1.353
319.32,1.446,319.32,1.256,319.32,1.889
319.7,1.418,319.7,1.616,319.7,1.772
320.08,0.992,320.08,1.105,320.08,1.09
320.45,0.317,320.45,1.081,320.45,1.043
320.83,1.058,320.83,0.861,320.83,1.334
321.2,0.445,321.2,1.13,321.2,1.066
321.58,0.648,321.58,0.97,321.58,0.927
321.95,1.153,321.95,1.188,321.95,1.146
322.33,0.989,322.33,0.855,322.33,1.209
322.7,1.618,322.7,1.788,322.7,1.411
323.08,0.652,323.08,0.904,323.08,1.245
323.45,1.284,323.45,1.319,323.45,1.564
323.83,0.899,323.83,1.208,323.83,1.025
324.2,0.79,324.2,0.971,324.2,0.963
324.58,0.848,324.58,0.658,324.58,0.787
324.95,0.551,324.95,1.112,324.95,1.024
325.33,1.129,325.33,0.84,325.33,1.76
325.7,0.186,325.7,0.428,325.7,0.681
326.08,0.651,326.08,0.402,326.08,0.557
326.45,0.846,326.45,0.698,326.45,0.666
326.83,0.283,326.83,0.753,326.83,0.948
327.2,0.836,327.2,0.734,327.2,1.192
327.57,1.251,327.57,1.235,327.57,1.535
327.95,0.628,327.95,1.495,327.95,1.465
328.32,0.963,328.32,0.623,328.32,1.159
328.7,0.939,328.7,1.109,328.7,1.254
329.07,1.205,329.07,1.136,329.07,1.501
329.45,0.753,329.45,0.805,329.45,0.946
329.82,1.068,329.82,1.486,329.82,1.129
330.2,0.936,330.2,1.101,330.2,1.203
330.57,0.949,330.57,0.509,330.57,1.35
330.94,0.595,330.94,1.06,330.94,0.961
331.32,1.325,331.32,1.39,331.32,1.675
331.69,0.761,331.69,0.791,331.69,0.938
332.07,0.758,332.07,0.995,332.07,1.337
332.44,0.684,332.44,0.373,332.44,0.953
332.82,0.835,332.82,0.586,332.82,0.729
333.19,0.726,333.19,1.111,333.19,1.07
333.56,0.398,333.56,0.443,333.56,0.784
333.94,0.381,333.94,0.859,333.94,0.746
334.31,0.36,334.31,0.723,334.31,1.242
334.68,0.367,334.68,0.675,334.68,1.312
335.06,0.506,335.06,0.543,335.06,0.719
335.43,0.945,335.43,1.233,335.43,1.324
335.81,0.717,335.81,0.774,335.81,1.459
336.18,0.725,336.18,0.719,336.18,0.911
336.55,1.135,336.55,1.277,336.55,0.776
336.93,0.849,336.93,0.906,336.93,1.1
337.3,0.825,337.3,0.732,337.3,1.041
337.67,0.721,337.67,1.052,337.67,0.872
338.05,0.612,338.05,0.973,338.05,1.627
338.42,0.85,338.42,0.548,338.42,1.266
338.79,0.481,338.79,0.789,338.79,0.484
339.17,0.831,339.17,0.518,339.17,0.809
339.54,1.147,339.54,0.645,339.54,0.833
339.91,0.422,339.91,0.051,339.91,0.54
340.29,0.643,340.29,0.975,340.29,1.369
340.66,0.125,340.66,1.087,340.66,0.601
341.03,1.206,341.03,0.922,341.03,1.096
341.41,0.811,341.41,0.621,341.41,0.957
341.78,0.943,341.78,0.647,341.78,0.482
342.15,1.032,342.15,0.727,342.15,1.026
342.53,0.762,342.53,1.265,342.53,0.844
342.9,0.654,342.9,0.35,342.9,0.789
343.27,1.229,343.27,1.024,343.27,1.142
343.64,1.128,343.64,0.86,343.64,1.067
344.02,0.918,344.02,1.1,344.02,0.605
344.39,0.767,344.39,0.714,344.39,0.945
344.76,0.242,344.76,0.244,344.76,0.525
345.14,0.34,345.14,0.23,345.14,0.732
345.51,0.892,345.51,0.527,345.51,0.822
345.88,0.344,345.88,1.047,345.88,0.373
346.25,0.703,346.25,0.533,346.25,0.952
346.63,0.914,346.63,0.558,346.63,0.787
347,0.34,347,0.885,347,1.428
347.37,0.871,347.37,0.751,347.37,1.224
347.74,1.132,347.74,0.6,347.74,0.701
348.12,0.282,348.12,0.107,348.12,0.613
348.49,0.685,348.49,0.519,348.49,0.973
348.86,0.536,348.86,0.417,348.86,1.209
349.23,0.485,349.23,0.649,349.23,0.921
349.61,0.937,349.61,0.838,349.61,1.344
349.98,0.695,349.98,0.99,349.98,1.165
350.35,1.403,350.35,0.977,350.35,1.132
350.72,0.687,350.72,0.827,350.72,0.919
351.09,0.76,351.09,0.98,351.09,1.201
351.47,0.979,351.47,0.885,351.47,1.105
351.84,0.978,351.84,1.073,351.84,1.558
352.21,1.202,352.21,0.861,352.21,0.997
352.58,0.949,352.58,0.46,352.58,1.32
352.95,1.072,352.95,1.061,352.95,1.063
353.33,0.574,353.33,0.574,353.33,1.102
353.7,1.015,353.7,0.725,353.7,1.107
354.07,0.345,354.07,0.478,354.07,0.874
354.44,0.978,354.44,1.031,354.44,1.094
354.81,0.745,354.81,0.451,354.81,0.672
355.18,1.106,355.18,1.185,355.18,1.225
355.56,0.796,355.56,0.65,355.56,1.438
355.93,0.418,355.93,0.501,355.93,0.972
356.3,0.468,356.3,1.092,356.3,0.926
356.67,0.706,356.67,0.861,356.67,0.872
357.04,0.619,357.04,0.527,357.04,1.008
357.41,0.742,357.41,0.992,357.41,1.045
357.78,0.634,357.78,0.849,357.78,0.979
358.16,0.473,358.16,0.449,358.16,0.601
358.53,0.939,358.53,0.802,358.53,0.941
358.9,0.884,358.9,0.632,358.9,0.965
359.27,1.078,359.27,0.943,359.27,1.543
359.64,0.631,359.64,0.569,359.64,1.143
360.01,0.782,360.01,0.625,360.01,0.93
360.38,0.472,360.38,0.886,360.38,0.643
360.75,1.187,360.75,0.869,360.75,1.056
361.12,0.936,361.12,0.886,361.12,1.191
361.49,0.893,361.49,0.986,361.49,1.057
361.87,0.899,361.87,0.83,361.87,1.188
362.24,0.603,362.24,0.681,362.24,1.139
362.61,0.418,362.61,0.576,362.61,0.818
362.98,0.868,362.98,1.051,362.98,1.165
363.35,0.768,363.35,0.823,363.35,0.67
363.72,0.951,363.72,1.061,363.72,1.357
364.09,0.682,364.09,0.763,364.09,0.838
364.46,0.834,364.46,0.842,364.46,0.883
364.83,0.795,364.83,0.775,364.83,0.973
365.2,0.979,365.2,0.958,365.2,1.001
365.57,0.69,365.57,0.616,365.57,0.825
365.94,0.423,365.94,0.718,365.94,0.936
366.31,0.788,366.31,0.924,366.31,1.099
366.68,0.779,366.68,0.948,366.68,1.043
367.05,0.873,367.05,0.853,367.05,1.146
367.42,1.012,367.42,1.217,367.42,1.171
367.79,0.59,367.79,0.624,367.79,0.999
368.16,0.994,368.16,0.906,368.16,1.185
368.53,0.39,368.53,0.644,368.53,0.882
368.9,0.999,368.9,0.942,368.9,1.085
369.27,0.985,369.27,1.361,369.27,1.466
369.64,0.782,369.64,0.672,369.64,0.945
370.01,0.892,370.01,1.097,370.01,0.952
370.38,0.894,370.38,1.164,370.38,1.13
370.75,1.144,370.75,1.366,370.75,1.17
371.12,0.829,371.12,0.912,371.12,1.242
371.49,0.682,371.49,1.06,371.49,1.199
371.86,0.685,371.86,0.745,371.86,0.983
372.23,0.554,372.23,1.119,372.23,1.57
372.6,0.601,372.6,0.649,372.6,1.111
372.97,0.794,372.97,0.787,372.97,1.392
373.34,0.867,373.34,0.949,373.34,1.189
373.71,1.213,373.71,1.005,373.71,1.288
374.08,1.135,374.08,1.122,374.08,1.179
374.45,0.767,374.45,0.939,374.45,1.002
374.82,0.903,374.82,1.187,374.82,1.385
375.19,0.701,375.19,0.98,375.19,1.37
375.56,0.769,375.56,0.872,375.56,1.145
375.93,0.921,375.93,1.12,375.93,1.343
376.3,0.772,376.3,0.868,376.3,1.5
376.67,0.803,376.67,0.879,376.67,1.256
377.04,0.751,377.04,0.473,377.04,1.023
377.4,0.639,377.4,0.511,377.4,1.049
377.77,0.756,377.77,1.138,377.77,1.308
378.14,1.008,378.14,1.008,378.14,0.93
378.51,0.872,378.51,1.03,378.51,1.389
378.88,0.697,378.88,0.93,378.88,1.025
379.25,0.751,379.25,0.889,379.25,1.104
379.62,0.613,379.62,1.115,379.62,1.109
379.99,0.581,379.99,0.911,379.99,1.185
380.36,0.933,380.36,1.023,380.36,1.506
380.72,0.943,380.72,0.953,380.72,1.334
381.09,0.729,381.09,0.665,381.09,1.063
381.46,0.848,381.46,0.745,381.46,0.778
381.83,0.89,381.83,0.913,381.83,1.085
382.2,0.737,382.2,1.205,382.2,1.353
382.57,0.865,382.57,1.139,382.57,1.061
382.94,0.773,382.94,0.834,382.94,1.062
383.3,0.619,383.3,1.077,383.3,1.37
383.67,0.82,383.67,1.016,383.67,1.333
384.04,0.598,384.04,0.978,384.04,0.985
384.41,0.664,384.41,1.286,384.41,1.491
384.78,0.782,384.78,0.843,384.78,1.295
385.15,1.149,385.15,1.163,385.15,1.475
385.51,1.012,385.51,0.935,385.51,1.11
385.88,0.907,385.88,1.087,385.88,0.866
386.25,0.901,386.25,0.894,386.25,1.269
386.62,0.856,386.62,0.859,386.62,1.294
386.99,1.064,386.99,1.286,386.99,1.195
387.35,0.797,387.35,1.136,387.35,1.385
387.72,1.042,387.72,0.935,387.72,1.506
388.09,0.883,388.09,1.016,388.09,1.368
388.46,1.086,388.46,0.659,388.46,1.288
388.83,0.644,388.83,0.713,388.83,1.08
389.19,1.172,389.19,0.843,389.19,1.222
389.56,0.916,389.56,1.124,389.56,1.207
389.93,1.049,389.93,1.154,389.93,1.369
390.3,0.924,390.3,0.64,390.3,0.815
390.66,0.946,390.66,0.964,390.66,1.175
391.03,0.942,391.03,0.805,391.03,1.134
391.4,1.002,391.4,1.13,391.4,1.321
391.77,0.991,391.77,1.071,391.77,1.35
392.13,0.959,392.13,1.105,392.13,1.338
392.5,1.125,392.5,1.47,392.5,1.648
392.87,0.942,392.87,1.047,392.87,1.372
393.24,0.939,393.24,0.969,393.24,1.203
393.6,0.537,393.6,0.688,393.6,0.954
393.97,0.846,393.97,1.043,393.97,1.239
394.34,1.003,394.34,0.864,394.34,1.34
394.71,1.003,394.71,0.885,394.71,1.207
395.07,0.743,395.07,0.829,395.07,1.246
395.44,1.113,395.44,1.017,395.44,1.44
395.81,1.14,395.81,1.013,395.81,1.313
396.17,1.042,396.17,0.968,396.17,1.356
396.54,1.129,396.54,0.891,396.54,1.338
396.91,1.03,396.91,0.882,396.91,1.561
397.27,0.925,397.27,1.065,397.27,1.341
397.64,1.197,397.64,1.126,397.64,1.398
398.01,0.745,398.01,0.83,398.01,1.054
398.37,0.944,398.37,1.15,398.37,1.181
398.74,1.002,398.74,1.025,398.74,1.327
399.11,1.312,399.11,1.265,399.11,1.61
399.47,0.778,399.47,0.843,399.47,1.355
399.84,0.938,399.84,1.166,399.84,1.296
400.21,0.866,400.21,1.152,400.21,1.411
400.57,0.924,400.57,1.104,400.57,1.393
400.94,1.111,400.94,1.134,400.94,1.282
401.31,1.347,401.31,1.424,401.31,1.621
401.67,0.795,401.67,0.806,401.67,1.199
402.04,0.667,402.04,1.029,402.04,1.252
402.41,0.911,402.41,0.975,402.41,1.178
402.77,0.607,402.77,0.835,402.77,0.88
403.14,0.88,403.14,1.119,403.14,1.233
403.5,1.045,403.5,1.113,403.5,1.13
403.87,0.98,403.87,1.078,403.87,1.058
404.24,1.102,404.24,1.183,404.24,1.461
404.6,1.03,404.6,1.093,404.6,1.198
404.97,0.823,404.97,1.04,404.97,1.468
405.33,1.054,405.33,1.2,405.33,1.24
405.7,1.111,405.7,1.176,405.7,1.238
406.07,1.112,406.07,0.979,406.07,1.201
406.43,1.082,406.43,1.094,406.43,1.468
406.8,1.177,406.8,1.086,406.8,1.37
407.16,0.824,407.16,1.241,407.16,1.175
407.53,1.018,407.53,1.093,407.53,1.6
407.89,1.167,407.89,1.047,407.89,1.63
408.26,1.234,408.26,1.177,408.26,1.558
408.62,0.9,408.62,1.005,408.62,1.288
408.99,1.21,408.99,0.949,408.99,1.282
409.36,0.997,409.36,1.086,409.36,1.138
409.72,0.99,409.72,1.278,409.72,1.447
410.09,1.048,410.09,1.238,410.09,1.169
410.45,1.254,410.45,1.345,410.45,1.673
410.82,0.988,410.82,1.154,410.82,1.405
411.18,1.153,411.18,1.152,411.18,1.602
411.55,0.868,411.55,1.18,411.55,1.441
411.91,0.928,411.91,1.253,411.91,1.546
412.28,0.809,412.28,1.032,412.28,1.12
412.64,1.064,412.64,1.155,412.64,1.435
413.01,0.998,413.01,0.941,413.01,1.343
413.37,0.823,413.37,0.832,413.37,0.977
413.74,1.089,413.74,1.242,413.74,1.429
414.1,1.307,414.1,1.157,414.1,1.52
414.47,1.21,414.47,1.073,414.47,1.401
414.83,0.919,414.83,1.002,414.83,1.041
415.2,0.984,415.2,1.052,415.2,1.252
415.56,0.936,415.56,1.078,415.56,1.361
415.93,0.972,415.93,0.982,415.93,1.217
416.29,1.078,416.29,1.153,416.29,1.465
416.66,1.209,416.66,1.071,416.66,1.437
417.02,1.108,417.02,1.036,417.02,1.198
417.38,1.005,417.38,1.194,417.38,1.329
417.75,1.195,417.75,1.193,417.75,1.378
418.11,0.989,418.11,1.155,418.11,1.232
418.48,1.21,418.48,1.214,418.48,1.426
418.84,1.094,418.84,1.131,418.84,1.36
419.21,1.159,419.21,1.226,419.21,1.422
419.57,1.107,419.57,1.067,419.57,1.418
419.93,0.985,419.93,1.072,419.93,1.319
420.3,1.039,420.3,0.971,420.3,1.251
420.66,1.102,420.66,1.124,420.66,1.5
421.03,1.056,421.03,1.121,421.03,1.414
421.39,1.077,421.39,1.027,421.39,1.42
421.75,1.27,421.75,1.222,421.75,1.481
422.12,1.092,422.12,1.138,422.12,1.327
422.48,1.123,422.48,1.202,422.48,1.362
422.85,1.067,422.85,1.11,422.85,1.331
423.21,1.119,423.21,1.13,423.21,1.523
423.57,1.113,423.57,1.249,423.57,1.48
423.94,1.061,423.94,1.3,423.94,1.391
424.3,1.114,424.3,1.164,424.3,1.428
424.67,1.214,424.67,1.306,424.67,1.601
425.03,1.23,425.03,1.215,425.03,1.56
425.39,1.246,425.39,1.251,425.39,1.604
425.76,1.087,425.76,1.141,425.76,1.344
426.12,1.212,426.12,1.199,426.12,1.547
426.48,1.239,426.48,1.287,426.48,1.584
426.85,1.156,426.85,1.298,426.85,1.525
427.21,1.279,427.21,1.296,427.21,1.632
427.57,1.383,427.57,1.21,427.57,1.802
427.94,1.114,427.94,1.205,427.94,1.736
428.3,1.252,428.3,1.306,428.3,1.496
428.66,1.297,428.66,1.216,428.66,1.568
429.03,1.255,429.03,1.28,429.03,1.455
429.39,1.016,429.39,1.198,429.39,1.591
429.75,1.197,429.75,1.415,429.75,1.803
430.11,1.394,430.11,1.329,430.11,1.782
430.48,1.247,430.48,1.389,430.48,1.606
430.84,1.33,430.84,1.381,430.84,1.567
431.2,1.404,431.2,1.392,431.2,1.61
431.57,1.637,431.57,1.631,431.57,1.867
431.93,1.404,431.93,1.351,431.93,1.615
432.29,1.43,432.29,1.52,432.29,1.687
432.65,1.347,432.65,1.472,432.65,1.643
433.02,1.321,433.02,1.372,433.02,1.635
433.38,1.559,433.38,1.459,433.38,1.836
433.74,1.431,433.74,1.28,433.74,1.761
434.1,1.33,434.1,1.425,434.1,1.634
434.47,1.511,434.47,1.609,434.47,1.885
434.83,1.406,434.83,1.298,434.83,1.823
435.19,1.419,435.19,1.229,435.19,1.857
435.55,1.464,435.55,1.343,435.55,1.854
435.92,1.489,435.92,1.491,435.92,1.958
436.28,1.564,436.28,1.548,436.28,1.898
436.64,1.385,436.64,1.525,436.64,1.903
437,1.658,437,1.576,437,1.884
437.36,1.52,437.36,1.407,437.36,2.029
437.73,1.688,437.73,1.713,437.73,2.025
438.09,1.623,438.09,1.567,438.09,1.997
438.45,1.72,438.45,1.695,438.45,2.026
438.81,1.713,438.81,1.725,438.81,2.094
439.17,1.842,439.17,1.678,439.17,1.959
439.54,1.513,439.54,1.543,439.54,1.904
439.9,1.84,439.9,1.718,439.9,2.133
440.26,1.659,440.26,1.778,440.26,2.172
440.62,1.628,440.62,1.731,440.62,2.066
440.98,1.596,440.98,1.672,440.98,2.034
441.34,1.874,441.34,1.78,441.34,2.069
441.71,1.639,441.71,1.709,441.71,2.075
442.07,1.699,442.07,1.744,442.07,2.122
442.43,1.701,442.43,1.687,442.43,2.22
442.79,1.902,442.79,1.911,442.79,2.238
443.15,1.975,443.15,2.005,443.15,2.314
443.51,1.742,443.51,1.949,443.51,2.208
443.87,2.027,443.87,2.047,443.87,2.495
444.24,1.902,444.24,2.023,444.24,2.466
444.6,1.888,444.6,1.992,444.6,2.295
444.96,2.122,444.96,2.078,444.96,2.412
445.32,1.912,445.32,1.981,445.32,2.435
445.68,1.877,445.68,2.003,445.68,2.327
446.04,1.975,446.04,2.067,446.04,2.356
446.4,2.095,446.4,2.208,446.4,2.466
446.76,2.063,446.76,2.048,446.76,2.392
447.12,2.061,447.12,2.154,447.12,2.557
447.49,2.042,447.49,1.993,447.49,2.568
447.85,2.17,447.85,2.104,447.85,2.596
448.21,2.179,448.21,2.256,448.21,2.591
448.57,2.01,448.57,2.083,448.57,2.529
448.93,2.198,448.93,2.345,448.93,2.76
449.29,2.127,449.29,2.402,449.29,2.781
449.65,2.124,449.65,2.322,449.65,2.493
450.01,2.3,450.01,2.374,450.01,2.708
450.37,2.155,450.37,2.347,450.37,2.759
450.73,2.372,450.73,2.152,450.73,2.692
451.09,2.141,451.09,2.298,451.09,2.578
451.45,2.344,451.45,2.413,451.45,2.599
451.81,2.544,451.81,2.335,451.81,2.93
452.17,2.382,452.17,2.487,452.17,2.854
452.53,2.184,452.53,2.207,452.53,2.739
452.89,2.278,452.89,2.518,452.89,2.756
453.25,2.249,453.25,2.49,453.25,2.829
453.61,2.353,453.61,2.489,453.61,2.902
453.97,2.203,453.97,2.477,453.97,2.882
454.33,2.562,454.33,2.602,454.33,2.97
454.69,2.508,454.69,2.389,454.69,2.794
455.05,2.437,455.05,2.403,455.05,2.89
455.41,2.404,455.41,2.487,455.41,2.943
455.77,2.441,455.77,2.553,455.77,2.966
456.13,2.443,456.13,2.645,456.13,2.925
456.49,2.595,456.49,2.544,456.49,2.995
456.85,2.506,456.85,2.446,456.85,2.998
457.21,2.699,457.21,2.839,457.21,3.19
457.57,2.67,457.57,2.431,457.57,3.026
457.93,2.7,457.93,2.633,457.93,3.111
458.29,2.615,458.29,2.585,458.29,3.047
458.65,2.47,458.65,2.565,458.65,3.016
459.01,2.523,459.01,2.626,459.01,2.931
459.37,2.459,459.37,2.516,459.37,2.997
459.73,2.594,459.73,2.642,459.73,3.056
460.09,2.634,460.09,2.689,460.09,3.044
460.45,2.644,460.45,2.704,460.45,3.044
460.81,2.64,460.81,2.693,460.81,3.145
461.16,2.387,461.16,2.717,461.16,3.054
461.52,2.708,461.52,2.823,461.52,3.093
461.88,2.622,461.88,2.743,461.88,3.039
462.24,2.716,462.24,2.684,462.24,3.057
462.6,2.822,462.6,2.913,462.6,3.323
462.96,2.71,462.96,2.898,462.96,3.322
463.32,2.729,463.32,2.851,463.32,3.335
463.68,2.599,463.68,2.758,463.68,3.208
464.04,2.631,464.04,2.697,464.04,3.079
464.4,2.607,464.4,2.601,464.4,3.234
464.75,2.816,464.75,2.89,464.75,3.276
465.11,2.706,465.11,2.913,465.11,3.333
465.47,2.772,465.47,2.769,465.47,3.112
465.83,2.746,465.83,2.865,465.83,3.171
466.19,2.753,466.19,2.85,466.19,3.322
466.55,2.63,466.55,2.91,466.55,3.336
466.91,2.818,466.91,2.773,466.91,3.255
467.26,2.868,467.26,2.919,467.26,3.343
467.62,2.87,467.62,2.965,467.62,3.313
467.98,2.687,467.98,2.84,467.98,3.168
468.34,2.705,468.34,2.931,468.34,3.362
468.7,2.763,468.7,2.862,468.7,3.313
469.06,2.733,469.06,2.893,469.06,3.427
469.41,2.732,469.41,2.848,469.41,3.307
469.77,2.834,469.77,3.24,469.77,3.399
470.13,2.95,470.13,3.006,470.13,3.305
470.49,2.843,470.49,2.989,470.49,3.357
470.85,2.841,470.85,2.987,470.85,3.458
471.2,2.764,471.2,2.951,471.2,3.202
471.56,2.909,471.56,3.053,471.56,3.646
471.92,2.918,471.92,3.101,471.92,3.571
472.28,2.948,472.28,3.068,472.28,3.456
472.63,2.914,472.63,3.101,472.63,3.536
472.99,2.858,472.99,3.019,472.99,3.558
473.35,2.88,473.35,2.958,473.35,3.307
473.71,2.926,473.71,2.909,473.71,3.311
474.07,2.939,474.07,3.005,474.07,3.401
474.42,3.012,474.42,2.983,474.42,3.473
474.78,2.907,474.78,3.11,474.78,3.416
475.14,2.914,475.14,2.917,475.14,3.298
475.5,2.911,475.5,3.022,475.5,3.553
475.85,2.86,475.85,2.884,475.85,3.485
476.21,2.87,476.21,3.051,476.21,3.432
476.57,2.911,476.57,2.9,476.57,3.384
476.92,2.994,476.92,3.065,476.92,3.584
477.28,2.838,477.28,2.995,477.28,3.413
477.64,2.828,477.64,3.065,477.64,3.401
478,3.027,478,3.139,478,3.438
478.35,2.783,478.35,2.953,478.35,3.45
478.71,2.838,478.71,3.034,478.71,3.404
479.07,2.874,479.07,3.118,479.07,3.481
479.42,2.685,479.42,2.921,479.42,3.403
479.78,2.808,479.78,2.923,479.78,3.314
480.14,2.948,480.14,3.278,480.14,3.51
480.49,2.863,480.49,2.998,480.49,3.509
480.85,2.839,480.85,3.09,480.85,3.536
481.21,2.852,481.21,3.019,481.21,3.511
481.56,2.851,481.56,2.924,481.56,3.347
481.92,2.845,481.92,3.03,481.92,3.342
482.28,2.774,482.28,2.909,482.28,3.279
482.63,2.838,482.63,2.882,482.63,3.403
482.99,2.696,482.99,2.82,482.99,3.29
483.35,2.833,483.35,2.962,483.35,3.411
483.7,2.919,483.7,3.083,483.7,3.592
484.06,2.952,484.06,3.128,484.06,3.531
484.41,2.872,484.41,3.061,484.41,3.411
484.77,2.896,484.77,3.016,484.77,3.389
485.13,2.854,485.13,3.109,485.13,3.458
485.48,2.879,485.48,2.987,485.48,3.438
485.84,2.866,485.84,2.983,485.84,3.463
486.2,2.813,486.2,2.935,486.2,3.395
486.55,2.787,486.55,2.89,486.55,3.419
486.91,2.819,486.91,2.895,486.91,3.357
487.26,2.767,487.26,2.927,487.26,3.378
487.62,2.83,487.62,2.972,487.62,3.371
487.97,2.829,487.97,2.991,487.97,3.381
488.33,2.851,488.33,2.953,488.33,3.366
488.69,2.876,488.69,2.999,488.69,3.432
489.04,2.864,489.04,3.036,489.04,3.403
489.4,2.881,489.4,3.046,489.4,3.489
489.75,2.863,489.75,3.034,489.75,3.424
490.11,2.906,490.11,3.05,490.11,3.456
490.46,2.878,490.46,3.091,490.46,3.491
490.82,2.816,490.82,2.984,490.82,3.336
491.17,2.846,491.17,3.013,491.17,3.419
491.53,2.828,491.53,2.999,491.53,3.441
491.89,2.885,491.89,2.986,491.89,3.448
492.24,2.928,492.24,3.064,492.24,3.506
492.6,3.032,492.6,3.067,492.6,3.59
492.95,3.113,492.95,3.219,492.95,3.699
493.31,2.878,493.31,3.021,493.31,3.443
493.66,3,493.66,3.214,493.66,3.571
494.02,3.106,494.02,3.274,494.02,3.637
494.37,3.056,494.37,3.228,494.37,3.714
494.73,3.07,494.73,3.225,494.73,3.606
495.08,3.146,495.08,3.274,495.08,3.557
495.44,3.047,495.44,3.312,495.44,3.754
495.79,3.042,495.79,3.318,495.79,3.663
496.15,3.165,496.15,3.247,496.15,3.675
496.5,3.014,496.5,3.262,496.5,3.662
496.85,3.067,496.85,3.259,496.85,3.656
497.21,3.252,497.21,3.356,497.21,3.672
497.56,3.043,497.56,3.414,497.56,3.726
497.92,3.184,497.92,3.38,497.92,3.785
498.27,3.242,498.27,3.462,498.27,3.823
498.63,3.156,498.63,3.344,498.63,3.682
498.98,3.403,498.98,3.346,498.98,3.922
499.34,3.236,499.34,3.377,499.34,3.953
499.69,3.207,499.69,3.414,499.69,3.71
500.04,3.286,500.04,3.374,500.04,3.917
500.4,3.34,500.4,3.501,500.4,3.898
500.75,3.433,500.75,3.681,500.75,3.892
501.11,3.534,501.11,3.56,501.11,4.026
501.46,3.428,501.46,3.604,501.46,4.032
501.81,3.346,501.81,3.573,501.81,3.98
502.17,3.455,502.17,3.6,502.17,4.089
502.52,3.453,502.52,3.615,502.52,3.945
502.88,3.338,502.88,3.716,502.88,4.058
503.23,3.593,503.23,3.764,503.23,4.164
503.58,3.616,503.58,3.812,503.58,4.238
503.94,3.471,503.94,3.824,503.94,4.087
504.29,3.811,504.29,3.87,504.29,4.433
504.65,3.533,504.65,3.749,504.65,4.18
505,3.773,505,3.998,505,4.417
505.35,3.87,505.35,4.198,505.35,4.653
505.71,3.902,505.71,4.008,505.71,4.472
506.06,3.922,506.06,4.044,506.06,4.472
506.41,3.956,506.41,4.103,506.41,4.552
506.77,3.872,506.77,4.094,506.77,4.562
507.12,3.985,507.12,4.252,507.12,4.566
507.47,4.196,507.47,4.183,507.47,4.708
507.83,4.006,507.83,4.25,507.83,4.646
508.18,4.122,508.18,4.319,508.18,4.714
508.53,4.089,508.53,4.351,508.53,4.636
508.89,4.109,508.89,4.409,508.89,4.973
509.24,4.333,509.24,4.546,509.24,4.935
509.59,4.388,509.59,4.538,509.59,4.961
509.94,4.257,509.94,4.553,509.94,5.003
510.3,4.434,510.3,4.574,510.3,5.05
510.65,4.46,510.65,4.678,510.65,5.204
511,4.587,511,4.742,511,5.242
511.36,4.686,511.36,4.904,511.36,5.299
511.71,4.742,511.71,5.045,511.71,5.484
512.06,4.748,512.06,5.061,512.06,5.413
512.41,4.845,512.41,5.095,512.41,5.423
512.77,5.037,512.77,5.291,512.77,5.68
513.12,4.973,513.12,5.317,513.12,5.695
513.47,5.281,513.47,5.449,513.47,5.911
513.82,5.138,513.82,5.564,513.82,5.771
514.18,5.312,514.18,5.757,514.18,5.99
514.53,5.501,514.53,5.684,514.53,5.994
514.88,5.572,514.88,5.926,514.88,6.239
515.23,5.441,515.23,5.996,515.23,6.244
515.58,5.807,515.58,6.089,515.58,6.529
515.94,5.707,515.94,5.994,515.94,6.492
516.29,5.838,516.29,6.051,516.29,6.574
516.64,6.012,516.64,6.243,516.64,6.788
516.99,6.028,516.99,6.375,516.99,6.876
517.35,6.241,517.35,6.475,517.35,6.978
517.7,6.382,517.7,6.429,517.7,7.059
518.05,6.318,518.05,6.566,518.05,7.097
518.4,6.512,518.4,6.816,518.4,7.199
518.75,6.588,518.75,6.765,518.75,7.22
519.1,6.507,519.1,6.934,519.1,7.359
519.46,6.62,519.46,7,519.46,7.532
519.81,7.038,519.81,7.222,519.81,7.695
520.16,7.061,520.16,7.38,520.16,7.838
520.51,7.162,520.51,7.553,520.51,8.058
520.86,7.416,520.86,7.81,520.86,8.186
521.21,7.429,521.21,7.802,521.21,8.176
521.56,7.463,521.56,7.893,521.56,8.467
521.92,7.775,521.92,8.188,521.92,8.617
522.27,7.945,522.27,8.44,522.27,8.91
522.62,8.075,522.62,8.331,522.62,8.841
522.97,8.25,522.97,8.647,522.97,8.917
523.32,8.188,523.32,8.611,523.32,9.144
523.67,8.295,523.67,8.882,523.67,9.326
524.02,8.533,524.02,8.945,524.02,9.244
524.37,8.776,524.37,8.98,524.37,9.497
524.73,8.848,524.73,9.197,524.73,9.587
525.08,8.878,525.08,9.147,525.08,9.627
525.43,8.854,525.43,9.285,525.43,9.779
525.78,9.056,525.78,9.513,525.78,9.937
526.13,9.134,526.13,9.667,526.13,10.087
526.48,9.326,526.48,9.742,526.48,10.223
526.83,9.486,526.83,9.846,526.83,10.261
527.18,9.562,527.18,10.071,527.18,10.421
527.53,9.653,527.53,10.091,527.53,10.54
527.88,9.699,527.88,10.295,527.88,10.69
528.23,10.026,528.23,10.515,528.23,10.965
528.58,10.281,528.58,10.837,528.58,11.316
528.93,10.297,528.93,10.821,528.93,11.228
529.28,10.266,529.28,10.859,529.28,11.123
529.63,10.271,529.63,10.84,529.63,11.226
529.98,10.473,529.98,11.016,529.98,11.331
530.33,10.496,530.33,11.357,530.33,11.549
530.69,10.626,530.69,11.196,530.69,11.63
531.04,10.824,531.04,11.435,531.04,11.62
531.39,10.976,531.39,11.565,531.39,11.921
531.74,11.095,531.74,11.594,531.74,11.812
532.09,11.134,532.09,11.749,532.09,12.162
532.44,11.125,532.44,11.699,532.44,11.961
532.79,11.282,532.79,11.854,532.79,12.168
533.13,11.255,533.13,11.999,533.13,12.255
533.48,11.292,533.48,12.042,533.48,12.256
533.83,11.595,533.83,12.283,533.83,12.5
534.18,11.683,534.18,12.345,534.18,12.62
534.53,11.831,534.53,12.54,534.53,12.773
534.88,11.902,534.88,12.601,534.88,12.752
535.23,11.997,535.23,12.817,535.23,13.02
535.58,11.986,535.58,12.702,535.58,12.899
535.93,12.153,535.93,12.778,535.93,12.894
536.28,12.124,536.28,12.836,536.28,13.057
536.63,12.202,536.63,12.981,536.63,13.118
536.98,12.202,536.98,12.949,536.98,13.198
537.33,12.414,537.33,13.192,537.33,13.351
537.68,12.612,537.68,13.317,537.68,13.485
538.03,12.63,538.03,13.543,538.03,13.608
538.38,12.788,538.38,13.475,538.38,13.721
538.73,12.718,538.73,13.452,538.73,13.641
539.08,12.9,539.08,13.599,539.08,13.658
539.42,12.885,539.42,13.834,539.42,13.758
539.77,12.794,539.77,13.708,539.77,13.761
540.12,12.801,540.12,13.72,540.12,13.797
540.47,12.787,540.47,13.609,540.47,13.668
540.82,12.896,540.82,13.597,540.82,13.816
541.17,13,541.17,13.675,541.17,13.744
541.52,13.035,541.52,13.861,541.52,13.924
541.87,13.016,541.87,13.835,541.87,13.935
542.21,13.125,542.21,13.98,542.21,14.047
542.56,13.125,542.56,14.005,542.56,14.065
542.91,13.282,542.91,14.185,542.91,14.022
543.26,13.226,543.26,14.2,543.26,14.122
543.61,13.38,543.61,14.284,543.61,14.256
543.96,13.567,543.96,14.429,543.96,14.39
544.31,13.507,544.31,14.635,544.31,14.49
544.65,13.712,544.65,14.545,544.65,14.519
545,13.759,545,14.437,545,14.52
545.35,13.653,545.35,14.628,545.35,14.42
545.7,13.723,545.7,14.584,545.7,14.623
546.05,13.705,546.05,14.799,546.05,14.715
546.39,13.805,546.39,14.881,546.39,14.704
546.74,13.785,546.74,14.749,546.74,14.788
547.09,13.787,547.09,14.865,547.09,14.699
547.44,14.044,547.44,15.015,547.44,14.796
547.79,14.046,547.79,15.191,547.79,15.021
548.13,14.138,548.13,14.982,548.13,15.004
548.48,13.929,548.48,15.116,548.48,15.124
548.83,14.23,548.83,15.54,548.83,15.144
549.18,13.846,549.18,15.206,549.18,14.855
549.52,14.186,549.52,15.366,549.52,15.029
549.87,14.39,549.87,15.436,549.87,15.17
550.22,14.522,550.22,15.425,550.22,15.291
550.57,14.517,550.57,15.396,550.57,15.013
550.91,14.357,550.91,15.336,550.91,15.362
551.26,14.343,551.26,15.272,551.26,15.124
551.61,14.395,551.61,15.52,551.61,15.547
551.96,14.269,551.96,15.335,551.96,15.233
552.3,14.44,552.3,15.484,552.3,15.125
552.65,14.468,552.65,15.373,552.65,15.29
553,14.32,553,15.42,553,15.201
553.35,14.428,553.35,15.476,553.35,15.409
553.69,14.442,553.69,15.429,553.69,15.268
554.04,14.329,554.04,15.454,554.04,15.158
554.39,14.45,554.39,15.369,554.39,15.328
554.73,14.578,554.73,15.692,554.73,15.562
555.08,14.432,555.08,15.742,555.08,15.322
555.43,14.745,555.43,15.599,555.43,15.33
555.77,14.502,555.77,15.804,555.77,15.286
556.12,14.417,556.12,15.561,556.12,15.424
556.47,14.697,556.47,15.747,556.47,15.291
556.81,14.536,556.81,15.387,556.81,15.085
557.16,14.419,557.16,15.495,557.16,15.007
557.51,14.658,557.51,15.549,557.51,15.196
557.85,14.356,557.85,15.653,557.85,15.507
558.2,14.337,558.2,15.626,558.2,15.226
558.55,14.237,558.55,15.499,558.55,15.233
558.89,14.417,558.89,15.594,558.89,15.231
559.24,14.37,559.24,15.319,559.24,15.259
559.59,13.958,559.59,15.25,559.59,14.768
559.93,14.25,559.93,15.577,559.93,15.079
560.28,14.03,560.28,15.04,560.28,14.798
560.62,14.227,560.62,15.38,560.62,14.963
560.97,14.211,560.97,15.383,560.97,14.863
561.32,14.355,561.32,15.096,561.32,14.83
561.66,13.899,561.66,15.27,561.66,14.897
562.01,14.073,562.01,15.158,562.01,14.733
562.35,13.901,562.35,15.27,562.35,14.868
562.7,14.039,562.7,15.181,562.7,14.752
563.04,14.024,563.04,15.117,563.04,14.944
563.39,13.974,563.39,14.911,563.39,14.67
563.74,13.885,563.74,14.804,563.74,14.875
564.08,13.692,564.08,14.842,564.08,14.66
564.43,13.659,564.43,14.677,564.43,14.462
564.77,13.636,564.77,14.67,564.77,14.42
565.12,13.45,565.12,14.512,565.12,14.327
565.46,13.478,565.46,14.512,565.46,14.158
565.81,13.267,565.81,14.32,565.81,14.155
566.15,13.23,566.15,14.358,566.15,13.942
566.5,13.26,566.5,14.441,566.5,14.178
566.84,13.274,566.84,14.219,566.84,13.868
567.19,12.957,567.19,14.336,567.19,14.136
567.54,13.127,567.54,14.297,567.54,13.885
567.88,13.38,567.88,14.124,567.88,13.794
568.23,13.195,568.23,14.153,568.23,13.821
568.57,13.01,568.57,13.916,568.57,13.624
568.92,13.224,568.92,14.028,568.92,13.85
569.26,13.03,569.26,13.985,569.26,13.498
569.6,12.662,569.6,13.876,569.6,13.301
569.95,12.713,569.95,13.837,569.95,13.552
570.29,12.599,570.29,13.649,570.29,13.276
570.64,12.515,570.64,13.64,570.64,13.328
570.98,12.361,570.98,13.396,570.98,13.208
571.33,12.296,571.33,13.314,571.33,13.058
571.67,12.127,571.67,13.317,571.67,12.959
572.02,12.175,572.02,13.292,572.02,13.001
572.36,11.857,572.36,12.951,572.36,12.706
572.71,12.052,572.71,13.025,572.71,12.762
573.05,12.018,573.05,13.053,573.05,12.581
573.39,11.723,573.39,13.024,573.39,12.705
573.74,11.765,573.74,12.75,573.74,12.522
574.08,11.786,574.08,12.715,574.08,12.422
574.43,11.618,574.43,12.67,574.43,12.469
574.77,11.718,574.77,12.487,574.77,12.336
575.12,11.47,575.12,12.433,575.12,12.184
575.46,11.607,575.46,12.682,575.46,12.377
575.8,11.229,575.8,12.353,575.8,12.275
576.15,11.431,576.15,12.42,576.15,12.013
576.49,11.335,576.49,12.348,576.49,11.858
576.84,11.429,576.84,12.114,576.84,11.871
577.18,11.043,577.18,12.399,577.18,11.83
577.52,11.056,577.52,11.971,577.52,11.839
577.87,11.314,577.87,12.362,577.87,11.838
578.21,11.316,578.21,11.879,578.21,11.838
578.55,11.087,578.55,11.959,578.55,11.872
578.9,11.025,578.9,11.981,578.9,11.744
579.24,11.314,579.24,12.402,579.24,11.94
579.58,11.035,579.58,11.764,579.58,11.509
579.93,10.904,579.93,11.816,579.93,11.157
580.27,10.812,580.27,12.042,580.27,11.554
580.61,11.083,580.61,11.924,580.61,11.474
580.96,10.735,580.96,11.936,580.96,11.584
581.3,10.763,581.3,11.49,581.3,11.269
581.64,10.558,581.64,11.667,581.64,11.281
581.99,10.804,581.99,11.614,581.99,11.451
582.33,10.713,582.33,11.664,582.33,11.242
582.67,10.456,582.67,11.684,582.67,11.139
583.02,10.517,583.02,11.742,583.02,11.317
583.36,10.54,583.36,11.383,583.36,11.056
583.7,10.589,583.7,11.548,583.7,10.979
584.04,10.312,584.04,11.234,584.04,10.954
584.39,10.412,584.39,11.489,584.39,10.885
584.73,10.374,584.73,11.468,584.73,11.146
585.07,10.37,585.07,11.163,585.07,10.897
585.41,10.25,585.41,10.995,585.41,10.677
585.76,10.025,585.76,10.915,585.76,10.561
586.1,10.169,586.1,11.124,586.1,11.096
586.44,10.445,586.44,11.376,586.44,10.847
586.78,10.243,586.78,11.305,586.78,10.756
587.13,10.517,587.13,11.079,587.13,10.898
587.47,10.157,587.47,11.17,587.47,10.906
587.81,10.325,587.81,11.298,587.81,10.867
588.15,9.989,588.15,10.846,588.15,10.829
588.5,10.078,588.5,10.842,588.5,10.715
588.84,9.962,588.84,10.824,588.84,10.571
589.18,10.15,589.18,10.925,589.18,10.641
589.52,9.928,589.52,11.043,589.52,10.734
589.86,10.053,589.86,10.946,589.86,10.525
590.21,9.78,590.21,10.865,590.21,10.527
590.55,9.868,590.55,10.987,590.55,10.645
590.89,9.884,590.89,10.782,590.89,10.704
591.23,9.791,591.23,10.871,591.23,10.433
591.57,9.936,591.57,10.735,591.57,10.36
591.91,10.11,591.91,11.028,591.91,10.534
592.26,10.029,592.26,10.853,592.26,10.325
592.6,9.857,592.6,11.001,592.6,10.414
592.94,9.998,592.94,10.948,592.94,10.652
593.28,10.021,593.28,10.854,593.28,10.568
593.62,10.096,593.62,10.45,593.62,10.569
593.96,9.893,593.96,10.538,593.96,10.334
594.3,9.694,594.3,10.542,594.3,10.391
594.65,9.728,594.65,10.77,594.65,10.478
594.99,9.484,594.99,10.292,594.99,10.043
595.33,9.61,595.33,10.559,595.33,10.276
595.67,9.642,595.67,10.461,595.67,10.103
596.01,9.738,596.01,10.768,596.01,10.285
596.35,9.521,596.35,10.33,596.35,10.174
596.69,9.507,596.69,10.437,596.69,10.146
597.03,9.611,597.03,10.601,597.03,10.27
597.37,9.571,597.37,10.522,597.37,10.082
597.72,9.196,597.72,10.474,597.72,10.082
598.06,9.531,598.06,10.433,598.06,10.27
598.4,9.626,598.4,10.71,598.4,10.045
598.74,9.397,598.74,10.419,598.74,10.05
599.08,9.735,599.08,10.641,599.08,10.221
599.42,9.609,599.42,10.619,599.42,10.197
599.76,9.352,599.76,10.254,599.76,9.832
600.1,9.316,600.1,10.298,600.1,10.149
600.44,9.573,600.44,10.601,600.44,10.471
600.78,9.627,600.78,10.525,600.78,10.231
601.12,9.372,601.12,10.485,601.12,10.219
601.46,9.521,601.46,10.379,601.46,10.157
601.8,9.512,601.8,10.297,601.8,10.178
602.14,9.477,602.14,10.297,602.14,9.82
602.48,9.415,602.48,10.31,602.48,9.898
602.82,9.67,602.82,10.425,602.82,9.99
603.16,9.182,603.16,10.218,603.16,9.867
603.5,9.059,603.5,10.118,603.5,9.893
603.84,9.384,603.84,10.132,603.84,9.633
604.18,9.172,604.18,10.236,604.18,9.789
604.52,9.058,604.52,10.031,604.52,9.9
604.86,9.132,604.86,10.002,604.86,9.739
605.2,8.986,605.2,9.807,605.2,9.483
605.54,9.049,605.54,9.986,605.54,9.771
605.88,9.064,605.88,10.016,605.88,9.641
606.22,9.03,606.22,10.095,606.22,9.725
606.56,8.971,606.56,10.017,606.56,10.06
606.9,8.718,606.9,9.779,606.9,9.546
607.24,8.903,607.24,9.778,607.24,9.724
607.58,9.039,607.58,10.101,607.58,9.615
607.92,8.85,607.92,9.911,607.92,9.512
608.26,8.923,608.26,10.106,608.26,9.736
608.6,8.987,608.6,9.835,608.6,9.574
608.93,8.582,608.93,9.484,608.93,9.212
609.27,8.582,609.27,9.486,609.27,9.3
609.61,8.546,609.61,9.528,609.61,9.135
609.95,8.51,609.95,9.503,609.95,9.306
610.29,8.537,610.29,9.254,610.29,8.751
610.63,8.781,610.63,9.641,610.63,9.391
610.97,8.357,610.97,9.368,610.97,9.316
611.31,8.593,611.31,9.228,611.31,8.845
611.65,8.377,611.65,9.35,611.65,8.964
611.99,8.531,611.99,9.348,611.99,8.92
612.32,8.572,612.32,9.502,612.32,8.788
612.66,8.351,612.66,9.348,612.66,9.301
613,8.415,613,9.317,613,9.045
613.34,8.035,613.34,9.076,613.34,8.906
613.68,8.155,613.68,9.096,613.68,8.726
614.02,8.065,614.02,8.884,614.02,8.65
614.35,8.309,614.35,9.254,614.35,8.875
614.69,8.388,614.69,8.892,614.69,8.801
615.03,7.687,615.03,8.771,615.03,8.488
615.37,7.548,615.37,8.518,615.37,8.615
615.71,7.782,615.71,8.505,615.71,8.178
616.05,8.051,616.05,8.6,616.05,8.578
616.38,7.61,616.38,8.609,616.38,8.148
616.72,8.022,616.72,8.57,616.72,8.215
617.06,7.745,617.06,8.552,617.06,8.1
617.4,7.711,617.4,8.837,617.4,8.333
617.74,7.68,617.74,8.678,617.74,8.414
618.07,7.722,618.07,8.218,618.07,8.364
618.41,7.602,618.41,8.427,618.41,8.395
618.75,7.505,618.75,8.544,618.75,8.166
619.09,7.726,619.09,8.543,619.09,8.228
619.42,7.383,619.42,8.406,619.42,8.194
619.76,7.62,619.76,8.37,619.76,8.148
620.1,7.433,620.1,8.547,620.1,7.715
620.44,7.598,620.44,8.445,620.44,8.224
620.77,7.187,620.77,7.884,620.77,7.999
621.11,7.41,621.11,8.186,621.11,7.666
621.45,7.2,621.45,8.123,621.45,7.927
621.79,7.49,621.79,7.77,621.79,7.944
622.12,7.571,622.12,8.072,622.12,7.925
622.46,7.204,622.46,7.867,622.46,7.655
622.8,7.508,622.8,7.946,622.8,8.03
623.14,7.729,623.14,8.424,623.14,8.259
623.47,7.665,623.47,8.123,623.47,7.934
623.81,7.295,623.81,7.844,623.81,7.984
624.15,7.426,624.15,8.054,624.15,7.671
624.48,7.388,624.48,7.973,624.48,7.805
624.82,7.343,624.82,8.28,624.82,7.876
625.16,7.407,625.16,8.353,625.16,7.985
625.49,7.273,625.49,7.686,625.49,7.684
625.83,7.145,625.83,7.768,625.83,7.757
626.17,7.29,626.17,7.692,626.17,7.85
626.5,7.23,626.5,7.931,626.5,7.666
626.84,7.102,626.84,7.995,626.84,7.54
627.18,6.887,627.18,7.859,627.18,7.503
627.51,7.07,627.51,7.884,627.51,7.563
627.85,7.309,627.85,7.96,627.85,7.627
628.19,7.401,628.19,7.915,628.19,8.026
628.52,7.038,628.52,7.979,628.52,7.627
628.86,7.137,628.86,8.112,628.86,7.989
629.19,6.87,629.19,7.941,629.19,7.797
629.53,7.364,629.53,7.975,629.53,7.573
629.87,7.234,629.87,8.2,629.87,7.613
630.2,6.933,630.2,7.99,630.2,7.922
630.54,7.009,630.54,7.77,630.54,7.371
630.87,7.334,630.87,8.236,630.87,7.68
631.21,7.214,631.21,7.799,631.21,7.708
631.55,6.867,631.55,7.767,631.55,7.516
631.88,7.015,631.88,7.815,631.88,8.225
632.22,7.064,632.22,8.118,632.22,7.899
632.55,7.242,632.55,8.061,632.55,8.041
632.89,7.19,632.89,8.089,632.89,7.604
633.22,7.412,633.22,8.265,633.22,8.153
633.56,7.003,633.56,7.838,633.56,7.601
633.89,7.271,633.89,7.89,633.89,7.603
634.23,7.133,634.23,7.724,634.23,7.791
634.57,7.357,634.57,7.825,634.57,7.894
634.9,7.104,634.9,8.169,634.9,7.959
635.24,7.064,635.24,7.877,635.24,7.51
635.57,6.903,635.57,7.554,635.57,7.305
635.91,7.155,635.91,7.721,635.91,7.727
636.24,6.818,636.24,7.782,636.24,7.441
636.58,7.057,636.58,7.797,636.58,7.357
636.91,6.963,636.91,7.672,636.91,7.56
637.25,7.025,637.25,7.93,637.25,7.524
637.58,7.394,637.58,7.841,637.58,7.706
637.92,6.715,637.92,7.642,637.92,7.66
638.25,6.908,638.25,8.007,638.25,7.466
638.59,7.384,638.59,8.209,638.59,7.962
638.92,6.948,638.92,7.6,638.92,7.396
639.26,7.053,639.26,7.49,639.26,7.134
639.59,6.757,639.59,7.268,639.59,7.174
639.92,7.133,639.92,7.321,639.92,7.12
640.26,6.917,640.26,7.369,640.26,6.959
640.59,6.881,640.59,7.758,640.59,7.378
640.93,6.155,640.93,7.231,640.93,7.071
641.26,6.524,641.26,7.703,641.26,7.23
641.6,6.973,641.6,7.732,641.6,7.209
641.93,6.716,641.93,7.719,641.93,7.214
642.26,6.911,642.26,7.678,642.26,6.957
642.6,6.691,642.6,7.458,642.6,7.024
642.93,6.591,642.93,7.452,642.93,6.736
643.27,6.326,643.27,7.087,643.27,6.781
643.6,6.716,643.6,7.208,643.6,7.109
643.94,6.275,643.94,7.419,643.94,6.888
644.27,6.318,644.27,6.848,644.27,6.874
644.6,6.433,644.6,7.313,644.6,6.93
644.94,5.821,644.94,6.983,644.94,6.504
645.27,6.381,645.27,7.232,645.27,6.927
645.6,6.073,645.6,7.215,645.6,6.802
645.94,6.356,645.94,7.095,645.94,6.563
646.27,6.435,646.27,6.734,646.27,6.696
646.6,6.19,646.6,6.654,646.6,6.214
646.94,5.698,646.94,6.313,646.94,6.509
647.27,5.702,647.27,6.466,647.27,6.504
647.6,5.72,647.6,6.635,647.6,6.31
647.94,5.843,647.94,6.978,647.94,6.414
648.27,5.882,648.27,6.905,648.27,6.345
648.6,6.036,648.6,6.659,648.6,6.395
648.94,5.757,648.94,6.425,648.94,6.428
649.27,5.866,649.27,6.575,649.27,6.145
649.6,5.718,649.6,6.306,649.6,6.292
649.94,5.533,649.94,6.079,649.94,5.976
650.27,5.925,650.27,6.108,650.27,5.999
650.6,5.412,650.6,6.142,650.6,6.055
650.94,5.567,650.94,6.379,650.94,6.504
651.27,5.423,651.27,5.838,651.27,6.034
651.6,5.21,651.6,6.279,651.6,6.137
651.93,5.32,651.93,6.394,651.93,5.875
652.27,5.912,652.27,6.315,652.27,5.928
652.6,5.769,652.6,6.386,652.6,6.084
652.93,5.803,652.93,6.281,652.93,6.653
653.26,5.646,653.26,6.658,653.26,6.064
653.6,5.274,653.6,6.005,653.6,5.792
653.93,5.661,653.93,5.971,653.93,5.811
654.26,5.359,654.26,5.954,654.26,6.069
654.59,5.897,654.59,6.724,654.59,5.813
654.93,4.635,654.93,5.351,654.93,5.487
655.26,5.193,655.26,5.935,655.26,6.09
655.59,5.554,655.59,5.423,655.59,5.743
655.92,5.367,655.92,5.752,655.92,5.45
656.25,4.852,656.25,6.089,656.25,6.166
656.59,5.134,656.59,5.57,656.59,5.651
656.92,5.232,656.92,5.612,656.92,6.049
657.25,5.039,657.25,5.042,657.25,5.29
657.58,5.099,657.58,5.159,657.58,5.81
657.91,4.879,657.91,5.069,657.91,5.434
658.25,4.889,658.25,5.309,658.25,5.365
658.58,4.782,658.58,5.331,658.58,5.171
658.91,4.552,658.91,5.292,658.91,5.015
659.24,4.555,659.24,5.221,659.24,4.913
659.57,4.771,659.57,5.038,659.57,5.21
659.9,4.424,659.9,4.87,659.9,4.991
660.23,4.609,660.23,4.781,660.23,4.873
660.57,4.362,660.57,4.839,660.57,5.339
660.9,4.484,660.9,4.969,660.9,4.679
661.23,4.85,661.23,5.22,661.23,5.344
661.56,4.179,661.56,5.043,661.56,4.936
661.89,4.746,661.89,4.928,661.89,5.169
662.22,3.842,662.22,4.613,662.22,4.524
662.55,4.875,662.55,4.896,662.55,4.83
662.88,4.463,662.88,4.901,662.88,4.703
663.22,4.543,663.22,4.54,663.22,4.796
663.55,4.285,663.55,5.085,663.55,5.158
663.88,4.219,663.88,4.872,663.88,4.679
664.21,4.331,664.21,5.021,664.21,4.651
664.54,4.309,664.54,4.726,664.54,5.031
664.87,4.305,664.87,4.66,664.87,4.812
665.2,4.077,665.2,4.488,665.2,4.528
665.53,3.774,665.53,4.501,665.53,4.563
665.86,4.051,665.86,4.422,665.86,4.204
666.19,3.728,666.19,4.326,666.19,4.418
666.52,3.563,666.52,3.841,666.52,4.22
666.85,3.914,666.85,4.581,666.85,4.722
667.18,4.256,667.18,4.341,667.18,4.591
667.51,4.188,667.51,4.675,667.51,3.724
667.84,3.613,667.84,4.135,667.84,4.213
668.17,3.497,668.17,4.224,668.17,4.414
668.5,4.092,668.5,4.024,668.5,4.464
668.83,3.469,668.83,4.105,668.83,4.328
669.16,3.499,669.16,3.844,669.16,4.059
669.49,3.92,669.49,4.022,669.49,4.524
669.82,3.606,669.82,3.748,669.82,4.465
670.15,3.41,670.15,4.206,670.15,4.638
670.48,3.767,670.48,4.348,670.48,4.301
670.81,3.593,670.81,3.796,670.81,4.12
671.14,4.081,671.14,4.107,671.14,4.36
671.47,3.791,671.47,3.886,671.47,4.049
671.8,3.899,671.8,4.453,671.8,4.258
672.13,3.689,672.13,4.035,672.13,3.899
672.46,3.947,672.46,4.028,672.46,4.58
672.79,3.92,672.79,3.917,672.79,4.325
673.12,4.45,673.12,4.656,673.12,4.919
673.45,4.148,673.45,4.335,673.45,4.097
673.78,3.33,673.78,3.985,673.78,4.458
674.11,4.007,674.11,3.947,674.11,4.047
674.44,4.153,674.44,4.567,674.44,4.984
674.77,4.203,674.77,4.832,674.77,4.608
675.09,4.57,675.09,4.646,675.09,5.035
675.42,4.227,675.42,4.478,675.42,4.739
675.75,4.513,675.75,4.469,675.75,5.041
676.08,3.747,676.08,4.051,676.08,4.226
676.41,3.69,676.41,4.147,676.41,4.878
676.74,4.119,676.74,4.378,676.74,4.085
677.07,3.972,677.07,4.227,677.07,4.851
677.4,4.162,677.4,4.74,677.4,5.484
677.73,4.219,677.73,4.403,677.73,5.006
678.05,3.997,678.05,3.93,678.05,4.819
678.38,3.981,678.38,4.1,678.38,4.85
678.71,3.81,678.71,4.134,678.71,4.712
679.04,4.386,679.04,4.408,679.04,4.69
679.37,4.257,679.37,4.399,679.37,4.491
679.7,3.796,679.7,4.371,679.7,4.127
680.02,4.345,680.02,4.522,680.02,4.403
680.35,3.539,680.35,4.031,680.35,4.398
680.68,4.09,680.68,4.278,680.68,4.345
681.01,4.268,681.01,4.684,681.01,4.762
681.34,4.387,681.34,4.859,681.34,4.989
681.66,4.743,681.66,5.072,681.66,5.077
681.99,4.45,681.99,4.622,681.99,5.007
682.32,4.362,682.32,4.859,682.32,5.007
682.65,4.647,682.65,4.937,682.65,5.111
682.98,4.722,682.98,4.969,682.98,4.978
683.3,4.635,683.3,4.835,683.3,5.468
683.63,4.996,683.63,5.176,683.63,5.439
683.96,5.519,683.96,5.335,683.96,5.951
684.29,4.997,684.29,4.979,684.29,5.363
684.61,4.859,684.61,5.282,684.61,5.446
684.94,5.034,684.94,5.583,684.94,5.698
685.27,5.432,685.27,5.711,685.27,5.554
685.6,4.968,685.6,5.609,685.6,5.815
685.92,4.894,685.92,5.317,685.92,5.446
686.25,5.026,686.25,5.554,686.25,6.281
686.58,5.482,686.58,5.876,686.58,6.128
686.91,5.905,686.91,6.183,686.91,6.255
687.23,5.787,687.23,6.197,687.23,6.764
687.56,6.328,687.56,6.343,687.56,6.468
687.89,5.628,687.89,6.356,687.89,6.448
688.21,6.018,688.21,6.524,688.21,6.666
688.54,6.267,688.54,6.248,688.54,6.493
688.87,6.058,688.87,6.642,688.87,6.689
689.19,6.294,689.19,6.958,689.19,6.569
689.52,6.428,689.52,6.934,689.52,7.552
689.85,6.194,689.85,7.629,689.85,7.219
690.17,6.278,690.17,6.868,690.17,6.711
690.5,6.753,690.5,7.561,690.5,7.756
690.83,6.733,690.83,7.321,690.83,7.489
691.15,7.51,691.15,7.937,691.15,7.967
691.48,6.931,691.48,8.047,691.48,7.846
691.81,7.215,691.81,8.331,691.81,8.264
692.13,8.215,692.13,9.002,692.13,8.494
692.46,7.646,692.46,8.169,692.46,8.275
692.79,8.935,692.79,9.15,692.79,9.297
693.11,7.878,693.11,9.138,693.11,9.816
693.44,8.499,693.44,9.771,693.44,9.19
693.76,9.089,693.76,10.116,693.76,9.921
694.09,9.224,694.09,10.303,694.09,9.534
694.42,9.374,694.42,10.694,694.42,10.255
694.74,9.731,694.74,10.958,694.74,10.136
695.07,10.391,695.07,10.978,695.07,10.917
695.39,10.244,695.39,11.146,695.39,10.826
695.72,10.733,695.72,11.838,695.72,11.474
696.05,10.299,696.05,12.143,696.05,11.458
696.37,11.188,696.37,12.349,696.37,11.746
696.7,11.598,696.7,12.914,696.7,11.958
697.02,11.44,697.02,13.213,697.02,12.57
697.35,11.586,697.35,13.029,697.35,12.509
697.67,12.435,697.67,13.888,697.67,12.747
698,12.786,698,13.909,698,12.922
698.32,12.712,698.32,13.951,698.32,13.276
698.65,12.896,698.65,14.007,698.65,13.49
698.97,13.277,698.97,14.685,698.97,13.842
699.3,13.383,699.3,14.614,699.3,13.915
699.62,13.664,699.62,15.251,699.62,14.421
699.95,14.673,699.95,16.01,699.95,15.287
700.27,15.046,700.27,16.378,700.27,15.476
700.6,15.06,700.6,16.683,700.6,16.044
700.92,15.72,700.92,16.946,700.92,16.03
701.25,15.766,701.25,17.163,701.25,16.564
701.57,16.307,701.57,17.688,701.57,17.132
701.9,16.56,701.9,18.639,701.9,17.121
702.22,17.224,702.22,18.86,702.22,18.382
702.55,17.526,702.55,19.965,702.55,18.421
702.87,17.978,702.87,19.815,702.87,18.512
703.2,18.834,703.2,20.107,703.2,18.406
703.52,18.596,703.52,20.242,703.52,19.193
703.85,20.215,703.85,21.253,703.85,20.01
704.17,20.381,704.17,21.651,704.17,21.168
704.49,20.152,704.49,22.292,704.49,21.175
704.82,21.246,704.82,22.646,704.82,20.863
705.14,21.186,705.14,23.25,705.14,22.371
705.47,21.391,705.47,22.84,705.47,21.571
705.79,21.7,705.79,23.103,705.79,22.526
706.12,21.872,706.12,23.691,706.12,21.936
706.44,23.052,706.44,24.614,706.44,22.388
706.76,23.434,706.76,23.623,706.76,22.706
707.09,22.406,707.09,25.745,707.09,23.736
707.41,23.929,707.41,25.757,707.41,24.338
707.74,24.339,707.74,26.334,707.74,25.257
708.06,24.325,708.06,26.431,708.06,24.842
708.38,24.475,708.38,25.706,708.38,25.087
708.71,24.66,708.71,26.481,708.71,24.695
709.03,25.688,709.03,28.025,709.03,26.217
709.35,25.946,709.35,27.12,709.35,26.239
709.68,26.581,709.68,28.219,709.68,26.448
710,26.731,710,28.255,710,27.444
710.32,26.652,710.32,28.705,710.32,27.6
710.65,27.455,710.65,29.015,710.65,27.56
710.97,27.621,710.97,30.004,710.97,27.825
711.29,27.672,711.29,30.124,711.29,28.923
711.62,27.616,711.62,30.634,711.62,28.5
711.94,28.991,711.94,31.14,711.94,29.215
712.26,28.592,712.26,31.4,712.26,29.233
712.59,30.012,712.59,32.146,712.59,30.664
712.91,30.889,712.91,32.776,712.91,30.67
713.23,29.979,713.23,32.081,713.23,30.393
713.55,30.405,713.55,32.39,713.55,30.079
713.88,31.043,713.88,32.849,713.88,31.918
714.2,31.059,714.2,33.64,714.2,31.101
714.52,30.716,714.52,33.232,714.52,32.415
714.84,31.599,714.84,33.822,714.84,32.196
715.17,31.789,715.17,34.457,715.17,33.377
715.49,33.291,715.49,35.57,715.49,34.081
715.81,32.765,715.81,35.626,715.81,33.672
716.13,33.142,716.13,36.035,716.13,34.279
716.46,34.177,716.46,37.083,716.46,34.821
716.78,33.735,716.78,36.93,716.78,35.307
717.1,34.145,717.1,36.946,717.1,34.941
717.42,34.235,717.42,38.416,717.42,35.455
717.75,35.3,717.75,38.184,717.75,36.014
718.07,36.353,718.07,38.061,718.07,36.377
718.39,35.178,718.39,38.888,718.39,36.721
718.71,35.672,718.71,39.36,718.71,37.609
719.03,37.2,719.03,39.71,719.03,37.784
719.36,36.811,719.36,40.362,719.36,38.09
719.68,36.999,719.68,40.575,719.68,37.813
720,38.871,720,41.404,720,39.676
720.32,37.983,720.32,40.874,720.32,38.023
720.64,38.334,720.64,41.309,720.64,38.657
720.96,39.619,720.96,41.183,720.96,39.467
721.29,39.332,721.29,42.053,721.29,39.239
721.61,39.888,721.61,42.986,721.61,41.097
721.93,39.485,721.93,42.094,721.93,40.967
722.25,40.165,722.25,43.146,722.25,41.059
722.57,40.313,722.57,43.594,722.57,41.474
722.89,39.982,722.89,44.558,722.89,41.55
723.21,40.49,723.21,44.151,723.21,42.687
723.53,41.173,723.53,44.847,723.53,41.197
723.86,40.713,723.86,44.047,723.86,42.341
724.18,42.559,724.18,45.349,724.18,43.257
724.5,42.548,724.5,44.531,724.5,42.786
724.82,43.899,724.82,45.967,724.82,43.481
725.14,43.062,725.14,44.3,725.14,42.724
725.46,43.164,725.46,46.136,725.46,44.671
725.78,44.394,725.78,47.601,725.78,43.917
726.1,44.019,726.1,46.785,726.1,44.838
726.42,44.12,726.42,47.854,726.42,44.308
726.74,43.676,726.74,47.421,726.74,44.314
727.06,43.215,727.06,47.988,727.06,45.12
727.38,44.213,727.38,48.517,727.38,47.146
727.7,44.711,727.7,47.91,727.7,45.647
728.02,45.073,728.02,48.141,728.02,45.897
728.35,45.915,728.35,47.977,728.35,46.252
728.67,45.44,728.67,49.208,728.67,46.179
728.99,45.214,728.99,49.473,728.99,45.826
729.31,45.281,729.31,49.215,729.31,46.65
729.63,46.431,729.63,49.567,729.63,47.153
729.95,45.195,729.95,48.299,729.95,45.492
730.27,46.765,730.27,48.968,730.27,45.924
730.59,47.378,730.59,50.02,730.59,47.44
730.91,45.965,730.91,50.15,730.91,46.321
731.23,47.321,731.23,50.966,731.23,48.191
731.55,49.627,731.55,50.614,731.55,48.373
731.87,47.599,731.87,50.36,731.87,48.33
732.18,48.639,732.18,51.49,732.18,47.471
732.5,47.752,732.5,51.32,732.5,48.076
732.82,47.748,732.82,51.726,732.82,47.92
733.14,49.249,733.14,52.338,733.14,47.829
733.46,47.552,733.46,50.671,733.46,48.805
733.78,48.989,733.78,52.411,733.78,49.795
734.1,48.633,734.1,52.101,734.1,48.418
734.42,50.203,734.42,53.519,734.42,49.466
734.74,49.131,734.74,52.595,734.74,49.752
735.06,49.629,735.06,51.523,735.06,50.44
735.38,50.148,735.38,53.014,735.38,50.357
735.7,51.162,735.7,53.83,735.7,50.253
736.02,50.188,736.02,52.143,736.02,50.201
736.34,48.415,736.34,52.924,736.34,49.609
736.65,50.998,736.65,54.859,736.65,51.192
736.97,50.38,736.97,53.081,736.97,49.587
737.29,48.933,737.29,53.427,737.29,50.633
737.61,51.458,737.61,54.024,737.61,51.088
737.93,49.048,737.93,52.535,737.93,50.672
738.25,50.157,738.25,53.892,738.25,50.517
738.57,50.543,738.57,54.594,738.57,51.63
738.89,51.822,738.89,55.147,738.89,52.437
739.2,50.259,739.2,53.22,739.2,51.178
739.52,50.307,739.52,54.796,739.52,50.869
739.84,51.656,739.84,55.955,739.84,52.32
740.16,51.625,740.16,54.806,740.16,52.628
740.48,50.811,740.48,55.076,740.48,50.513
740.8,50.64,740.8,53.441,740.8,51.161
741.11,52.046,741.11,53.934,741.11,51.888
741.43,50.492,741.43,55.33,741.43,51.253
741.75,50.964,741.75,53.951,741.75,52.119
742.07,50.574,742.07,55.488,742.07,52.87
742.39,51.572,742.39,54.965,742.39,51.873
742.7,51.237,742.7,53.02,742.7,51.055
743.02,51.646,743.02,54.623,743.02,52.078
743.34,51.711,743.34,54.699,743.34,52.589
743.66,51.14,743.66,54.458,743.66,52.039
743.97,50.063,743.97,53.562,743.97,51.662
744.29,51.504,744.29,55.756,744.29,52.138
744.61,52.082,744.61,54.837,744.61,51.159
744.93,52.197,744.93,54.415,744.93,52.458
745.24,50.867,745.24,56.289,745.24,50.54
745.56,51.799,745.56,54.864,745.56,52.499
745.88,52.895,745.88,55.666,745.88,52.738
746.2,51.758,746.2,54.472,746.2,52.544
746.51,53.334,746.51,56.63,746.51,51.879
746.83,52.738,746.83,57.043,746.83,52.216
747.15,50.931,747.15,57.178,747.15,52.725
747.46,52.418,747.46,57.186,747.46,51.864
747.78,51.62,747.78,54.789,747.78,49.763
748.1,51.242,748.1,55.346,748.1,51.887
748.42,50.238,748.42,55.394,748.42,51.277
748.73,51.688,748.73,55.177,748.73,52.432
749.05,51.327,749.05,55.863,749.05,52.253
749.37,52.019,749.37,55.303,749.37,51.093
749.68,52.379,749.68,55.833,749.68,52.049
750,51.974,750,55.488,750,53.565
750.32,50.448,750.32,56.181,750.32,51.695
750.63,51.275,750.63,55.484,750.63,52.329
750.95,51.294,750.95,53.771,750.95,52.365
751.26,52.381,751.26,55.43,751.26,51.058
751.58,51.981,751.58,56.196,751.58,52.917
751.9,50.084,751.9,54.735,751.9,51.456
752.21,50.545,752.21,54.739,752.21,52.154
752.53,50.882,752.53,54.77,752.53,51.07
752.85,51.03,752.85,55.294,752.85,52.044
753.16,51.936,753.16,54.949,753.16,52.209
753.48,50.79,753.48,53.865,753.48,50.91
753.79,51.262,753.79,55.141,753.79,51.478
754.11,49.229,754.11,52.118,754.11,50.575
754.43,50.615,754.43,53.479,754.43,50.565
754.74,52.65,754.74,57.471,754.74,51.918
755.06,53.329,755.06,55.18,755.06,51.007
755.37,50.782,755.37,55.624,755.37,51.504
755.69,52.555,755.69,55.717,755.69,53.595
756,51.011,756,53.371,756,52.507
756.32,50.069,756.32,52.989,756.32,49.922
756.63,51.006,756.63,53.395,756.63,53.009
756.95,52.358,756.95,55.158,756.95,51.819
757.27,50.573,757.27,54.69,757.27,51.358
757.58,50.666,757.58,55.351,757.58,49.86
757.9,49.765,757.9,54.109,757.9,49.295
758.21,50.914,758.21,54.419,758.21,51.167
758.53,50.628,758.53,54.386,758.53,49.816
758.84,50.651,758.84,54.331,758.84,51.116
759.16,50.026,759.16,54.827,759.16,50.57
759.47,51.189,759.47,54.655,759.47,50.653
759.79,48.385,759.79,52.582,759.79,49.819
760.1,51.737,760.1,57.117,760.1,52.211
760.42,51.725,760.42,53.163,760.42,50.845
760.73,49.867,760.73,54.285,760.73,49.705
761.05,49.373,761.05,53.948,761.05,50.474
761.36,50.797,761.36,54.937,761.36,49.601
761.67,50.58,761.67,52.201,761.67,49.941
761.99,50.942,761.99,53.282,761.99,50.503
762.3,50.325,762.3,55.135,762.3,50.292
762.62,50.047,762.62,52.735,762.62,49.734
762.93,49.936,762.93,53.447,762.93,49.531
763.25,49.988,763.25,53.985,763.25,50.037
763.56,49.373,763.56,53.058,763.56,50.142
763.87,49.384,763.87,52.385,763.87,50.014
764.19,48.809,764.19,52.59,764.19,48.832
764.5,48.698,764.5,53.354,764.5,49.324
764.82,49.945,764.82,54.146,764.82,50.01
765.13,49.663,765.13,53.098,765.13,47.955
765.44,49.88,765.44,53.951,765.44,49.3
765.76,49.797,765.76,53.41,765.76,50.527
766.07,50.566,766.07,53.27,766.07,49.626
766.39,49.173,766.39,53.331,766.39,48.93
766.7,48.439,766.7,52.823,766.7,48.248
767.01,49.229,767.01,51.368,767.01,48.813
767.33,51.295,767.33,53.656,767.33,49.471
767.64,49.268,767.64,52.632,767.64,48.366
767.95,47.484,767.95,52.416,767.95,48.975
768.27,46.99,768.27,51.163,768.27,48.121
768.58,47.898,768.58,50.708,768.58,46.299
768.89,50.323,768.89,53.294,768.89,50.946
769.21,50.519,769.21,54.693,769.21,50.277
769.52,47.769,769.52,52.361,769.52,48.879
769.83,48.392,769.83,50.887,769.83,48.487
770.15,48.039,770.15,52.338,770.15,48.734
770.46,48.703,770.46,54.214,770.46,49.252
770.77,48.505,770.77,52.027,770.77,48.962
771.09,47.697,771.09,50.793,771.09,47.454
771.4,46.258,771.4,50.155,771.4,47.229
771.71,48.305,771.71,51.148,771.71,49.113
772.02,48.302,772.02,51.698,772.02,48.302
772.34,46.258,772.34,50.256,772.34,45.464
772.65,46.596,772.65,49.756,772.65,46.745
772.96,47.521,772.96,51.871,772.96,47.48
773.27,51.131,773.27,51.074,773.27,50.107
773.59,47.794,773.59,52.39,773.59,44.768
773.9,48.224,773.9,50.92,773.9,46.572
774.21,48.727,774.21,52.501,774.21,48.067
774.52,45.832,774.52,50.933,774.52,50.316
774.84,46.005,774.84,50.496,774.84,47.842
775.15,47.92,775.15,50.762,775.15,47.802
775.46,46.914,775.46,49.44,775.46,47.625
775.77,46.708,775.77,51.677,775.77,48.137
776.08,43.619,776.08,49.341,776.08,45.207
776.4,44.29,776.4,49.735,776.4,47.598
776.71,47.308,776.71,50.162,776.71,46.108
777.02,45.315,777.02,51.07,777.02,46.044
777.33,45.551,777.33,51.265,777.33,44.199
777.64,45.066,777.64,50.805,777.64,46.041
777.95,47.046,777.95,51.608,777.95,46.19
778.27,46.154,778.27,50.12,778.27,46.411
778.58,49.203,778.58,53.806,778.58,47.43
778.89,42.52,778.89,48.24,778.89,45.404
779.2,46.429,779.2,50.057,779.2,46.134
779.51,44.904,779.51,49.056,779.51,45.034
779.82,47.394,779.82,50.269,779.82,45.847
780.13,46.616,780.13,52.056,780.13,46.01
780.45,44.09,780.45,48.478,780.45,44.819
780.76,42.615,780.76,50.224,780.76,43.13
781.07,48.579,781.07,51.285,781.07,47.643
781.38,48.716,781.38,47.362,781.38,46.324
781.69,47.18,781.69,51.076,781.69,46.913
782,43.639,782,49.218,782,43.692
782.31,44.46,782.31,50.293,782.31,46.096
782.62,45.251,782.62,49.801,782.62,43.897
782.93,46.004,782.93,48.072,782.93,42.727
783.24,46.752,783.24,47.734,783.24,47.862
783.55,43.388,783.55,45.9,783.55,42.742
783.86,45.439,783.86,50.046,783.86,45.679
784.18,43.856,784.18,49.267,784.18,45.49
784.49,44.833,784.49,47.645,784.49,45.28
784.8,44.461,784.8,48.403,784.8,42.911
785.11,44.078,785.11,49.81,785.11,42.022
785.42,44.585,785.42,46.094,785.42,45.96
785.73,44.46,785.73,50.332,785.73,39.622
786.04,45.822,786.04,50.6,786.04,47.544
786.35,44.226,786.35,46.399,786.35,42.53
786.66,41.482,786.66,47.547,786.66,45.471
786.97,42.317,786.97,45.852,786.97,43.406
787.28,41.406,787.28,47.675,787.28,43.121
787.59,42.358,787.59,48.364,787.59,41.558
787.9,42.756,787.9,49.023,787.9,44.158
788.21,41.003,788.21,48.15,788.21,41.094
788.52,41.974,788.52,46.162,788.52,42.24
788.83,42.378,788.83,48.004,788.83,44.753
789.14,42.852,789.14,47.254,789.14,42.782
789.45,43.177,789.45,48.65,789.45,41.624
789.76,43.441,789.76,45.268,789.76,43.406
790.06,44.064,790.06,47.51,790.06,46.121
790.37,41.834,790.37,46.888,790.37,42.713
790.68,38.7,790.68,44.555,790.68,41.265
790.99,43.929,790.99,45.841,790.99,41.812
791.3,40.695,791.3,44.249,791.3,41.632
791.61,42.967,791.61,49.392,791.61,44.447
791.92,41.935,791.92,44.404,791.92,40.457
792.23,45.415,792.23,49.243,792.23,43.594
792.54,41.118,792.54,44.41,792.54,39.172
792.85,42.125,792.85,44.489,792.85,40.41
793.16,45.139,793.16,48.33,793.16,45.632
793.46,41.708,793.46,44.607,793.46,39.965
793.77,41.155,793.77,45.929,793.77,42.519
794.08,39.898,794.08,46.937,794.08,40.365
794.39,41.146,794.39,50.966,794.39,43.371
794.7,44.128,794.7,46.209,794.7,41.41
795.01,41.211,795.01,47.247,795.01,44.494
795.32,40.168,795.32,49.696,795.32,41.319
795.62,43.131,795.62,47.76,795.62,43.259
795.93,41.859,795.93,43.051,795.93,40.296
796.24,38.246,796.24,42.919,796.24,39.68
796.55,42.388,796.55,46.682,796.55,41.442
796.86,42.503,796.86,44.517,796.86,38.271
797.17,38.741,797.17,44.365,797.17,37.049
797.47,42.769,797.47,44.402,797.47,41.355
797.78,44.236,797.78,43.256,797.78,43.777
798.09,41.275,798.09,41.965,798.09,42.439
798.4,41.654,798.4,42.281,798.4,42.887
798.71,39.222,798.71,43.456,798.71,41.543
799.01,37.202,799.01,45.574,799.01,41.421
799.32,39.128,799.32,45.617,799.32,41.488
799.63,35.769,799.63,42.896,799.63,39.434
799.94,37.435,799.94,46.484,799.94,41.667
800.24,36.411,800.24,45.036,800.24,41.668
800.55,39.673,800.55,43.672,800.55,39.446
800.86,40.054,800.86,47.663,800.86,39.174
801.17,39.543,801.17,43.613,801.17,42.053
801.47,41.808,801.47,49.01,801.47,41.482
801.78,38.39,801.78,45.489,801.78,42.26
802.09,35.621,802.09,45.296,802.09,39.888
802.4,39.689,802.4,46.989,802.4,37.23
802.7,36.281,802.7,43.025,802.7,38.163
803.01,41.417,803.01,42.782,803.01,40.699
803.32,36.556,803.32,44.181,803.32,40.242
803.62,39.678,803.62,44.201,803.62,41.987
803.93,38.071,803.93,44.141,803.93,35.47
804.24,40.564,804.24,43.865,804.24,39.153
804.54,41.394,804.54,47.073,804.54,39.782
804.85,35.184,804.85,44.629,804.85,38.001
805.16,36.306,805.16,43.592,805.16,38.694
805.46,34.972,805.46,41.611,805.46,38.06
805.77,41.072,805.77,41.621,805.77,43.342
806.08,43.731,806.08,42.96,806.08,39.552
806.38,39.395,806.38,45.111,806.38,36.989
806.69,37.292,806.69,43.269,806.69,42.661
807,36.642,807,39.496,807,33.428
807.3,39.892,807.3,42.652,807.3,39.215
807.61,37.461,807.61,42.831,807.61,34.046
807.91,34.508,807.91,45.61,807.91,36.162
808.22,31.518,808.22,41.751,808.22,35.021
808.53,34.228,808.53,38.944,808.53,37.673
808.83,36.96,808.83,40.67,808.83,33.333
809.14,33.068,809.14,43.654,809.14,34.974
809.44,41.948,809.44,43.647,809.44,35.408
809.75,36.986,809.75,41.319,809.75,36.795
810.06,36.131,810.06,38.011,810.06,37.439
810.36,36.88,810.36,37.266,810.36,35.958
810.67,36.976,810.67,37.005,810.67,35.858
810.97,41.463,810.97,45.167,810.97,42.879
811.28,37.17,811.28,38.787,811.28,37.916
811.58,39.544,811.58,44.188,811.58,34.785
811.89,37.039,811.89,44.673,811.89,35.181
812.19,35.397,812.19,40.344,812.19,33.294
812.5,38.653,812.5,44.649,812.5,39.207
812.81,36.515,812.81,40.427,812.81,38.619
813.11,34.814,813.11,41.313,813.11,32.266
813.42,39.626,813.42,42.703,813.42,38.166
813.72,38.128,813.72,41.226,813.72,35.747
814.03,36.275,814.03,40.449,814.03,36.464
814.33,33.723,814.33,40.568,814.33,32.053
814.64,33.854,814.64,43.864,814.64,37.711
814.94,36.883,814.94,39.481,814.94,38.247
815.24,38.914,815.24,37.73,815.24,34.112
815.55,34.051,815.55,40.097,815.55,35.129
815.85,37.462,815.85,40.198,815.85,34.588
816.16,35.788,816.16,39.723,816.16,38.464
816.46,35.4,816.46,42.2,816.46,32.333
816.77,39.639,816.77,42.599,816.77,36.086
817.07,37.735,817.07,39.219,817.07,30.644
817.38,30.602,817.38,40.621,817.38,31.786
817.68,38.6,817.68,40.105,817.68,31.567
817.98,39.12,817.98,39.908,817.98,35.707
818.29,39.8,818.29,40.606,818.29,43.216
818.59,36.242,818.59,41.42,818.59,37.773
818.9,33.592,818.9,40.812,818.9,31.391
819.2,35.827,819.2,38.976,819.2,32.829
819.51,29.344,819.51,33.68,819.51,34.027
819.81,35.616,819.81,40.732,819.81,38.669
820.11,29.909,820.11,40.156,820.11,35.046
820.42,30.187,820.42,41.318,820.42,30.654
820.72,31.904,820.72,40.138,820.72,35.413
821.02,30.929,821.02,35.345,821.02,33.027
821.33,36.856,821.33,40.064,821.33,34.005
821.63,34.784,821.63,41.82,821.63,34.628
821.93,32.021,821.93,38.885,821.93,33.021
822.24,33.752,822.24,39.833,822.24,33.829
822.54,33.286,822.54,39.209,822.54,32.862
822.84,33.869,822.84,39.295,822.84,33.798
823.15,33.084,823.15,39.589,823.15,32.676
823.45,33.162,823.45,38.602,823.45,33.379
823.75,33.585,823.75,38.971,823.75,33.441
824.06,33.606,824.06,38.016,824.06,33.804
824.36,33.813,824.36,37.237,824.36,32.487
824.66,33.566,824.66,39.217,824.66,32.211
824.97,32.631,824.97,36.937,824.97,31.766
825.27,33.857,825.27,38.078,825.27,33.564
825.57,32.593,825.57,38.257,825.57,32.143
825.87,32.421,825.87,36.148,825.87,32.149
826.18,33.826,826.18,38.69,826.18,34.097
826.48,32.159,826.48,37.278,826.48,32.522
826.78,31.58,826.78,37.24,826.78,33.436
827.08,33.077,827.08,36.853,827.08,30.566
827.39,32.668,827.39,39.81,827.39,31.372
827.69,30.139,827.69,36.695,827.69,30.957
827.99,32.788,827.99,37.184,827.99,31.804
828.29,30.404,828.29,35.77,828.29,27.595
828.6,31.041,828.6,34.461,828.6,28.962
828.9,30.229,828.9,33.881,828.9,29.474
829.2,29.573,829.2,33.294,829.2,27.987
829.5,32.287,829.5,36.3,829.5,29.746
829.8,30.202,829.8,36.061,829.8,35.067
830.11,31.409,830.11,37.438,830.11,34.048
830.41,32.641,830.41,37.994,830.41,32.681
830.71,34.752,830.71,38.46,830.71,31.799
831.01,32.692,831.01,38.418,831.01,30.9
831.31,32.369,831.31,34.79,831.31,31.383
831.62,31.315,831.62,38.927,831.62,30.104
831.92,31.812,831.92,38.32,831.92,31.92
832.22,30.277,832.22,34.142,832.22,28.358
832.52,28.462,832.52,34.286,832.52,32.83
832.82,33.839,832.82,35.498,832.82,29.834
833.12,30.312,833.12,30.926,833.12,24.205
833.42,34.709,833.42,36.723,833.42,31.398
833.72,31.461,833.72,34.135,833.72,29.161
834.03,29.677,834.03,35.275,834.03,29.904
834.33,27.033,834.33,35.197,834.33,28.851
834.63,27.771,834.63,36.535,834.63,30.648
834.93,26.003,834.93,33.213,834.93,28.142
835.23,30.306,835.23,33.501,835.23,28.606
835.53,30.342,835.53,39.908,835.53,30.572
835.83,28.665,835.83,34.066,835.83,26.694
836.13,26.903,836.13,31.704,836.13,24.69
836.43,27.759,836.43,32.404,836.43,25.04
836.73,31.419,836.73,34.558,836.73,29.977
837.03,27.092,837.03,32.63,837.03,27.34
837.33,28.256,837.33,36.607,837.33,28.887
837.64,23.125,837.64,33.813,837.64,29.272
837.94,26.407,837.94,30.492,837.94,24.349
838.24,28.009,838.24,33.111,838.24,24.942
838.54,31.691,838.54,31.898,838.54,32.001
838.84,28.008,838.84,32.562,838.84,25.579
839.14,22.5,839.14,34.444,839.14,18.75
839.44,17.381,839.44,23.316,839.44,23.976
839.74,30.202,839.74,34.326,839.74,27.864
840.04,27.382,840.04,34.67,840.04,26.089
840.34,22.071,840.34,35.187,840.34,27.547
840.64,27.638,840.64,37.334,840.64,22.426
840.94,26.373,840.94,29.356,840.94,23.087
841.24,26.255,841.24,32.474,841.24,22.018
841.54,27.616,841.54,39.966,841.54,34.52
841.84,30.567,841.84,39.709,841.84,35.302
842.13,22.683,842.13,38.39,842.13,28.683
842.43,24.902,842.43,29.97,842.43,26.132
842.73,21.929,842.73,16.826,842.73,26.64
843.03,26.308,843.03,29.609,843.03,23.921
843.33,28.408,843.33,31.001,843.33,21.351
843.63,25.624,843.63,35.362,843.63,27.876
843.93,35.769,843.93,40.912,843.93,34.541
844.23,36.638,844.23,41.043,844.23,29.971
844.53,29.947,844.53,30.656,844.53,25.399
844.83,20.702,844.83,34.894,844.83,26.92
845.13,19.033,845.13,17.993,845.13,10.483
845.43,30.881,845.43,46.357,845.43,27.689
845.72,22.271,845.72,31.268,845.72,25.516
846.02,7.553,846.02,27.378,846.02,17.938
846.32,26.849,846.32,18.569,846.32,11.817
846.62,20.256,846.62,34.347,846.62,20.496
846.92,16.266,846.92,20.597,846.92,19.442
847.22,22.748,847.22,26.297,847.22,24.204
847.52,28.067,847.52,22.605,847.52,15.546
847.82,35.984,847.82,27.087,847.82,31.575
848.11,15.888,848.11,19.72,848.11,23.271
848.41,25.298,848.41,24.748,848.41,23.648
848.71,20.708,848.71,20.362,848.71,25.194
849.01,27.899,849.01,22.668,849.01,37.14
849.31,20.947,849.31,26.685,849.31,17.031
849.6,17.782,849.6,20.293,849.6,18.096
849.9,19.551,849.9,40.932,849.9,16.972
850.2,33.333,850.2,34.031,850.2,34.904
850.5,19.585,850.5,29.43,850.5,21.969
850.8,8.365,850.8,35.551,850.8,42.205
851.09,14.212,851.09,39.032,851.09,22.142
851.39,27.195,851.39,35.76,851.39,27.73
851.69,24.696,851.69,27.478,851.69,17.652
851.99,25.164,851.99,27.385,851.99,30.839
852.28,23.1,852.28,15.502,852.28,32.219
852.58,18.693,852.58,23.819,852.58,11.759
852.88,19.977,852.88,12.629,852.88,7.233
853.18,24.93,853.18,34.734,853.18,26.891
853.47,25.464,853.47,23.402,853.47,27.216
853.77,25.322,853.77,28.112,853.77,23.498
854.07,25.573,854.07,29.702,854.07,9.633
854.37,26.156,854.37,25.705,854.37,13.191
854.66,17.75,854.66,25.903,854.66,12.281
854.96,20.149,854.96,21.082,854.96,18.004
855.26,25.329,855.26,25.679,855.26,31.376
855.55,24.824,855.55,15.059,855.55,21.882
855.85,16.556,855.85,17.111,855.85,13.556
856.15,38.951,856.15,32.896,856.15,44.198
856.44,21.611,856.44,22.299,856.44,16.503
856.74,22.748,856.74,11.824,856.74,13.063
857.04,30.596,857.04,36.22,857.04,30.709
857.33,21.14,857.33,23.834,857.33,30.984
857.63,-21.345,857.63,17.105,857.63,-22.661
857.93,4.563,857.93,19.265,857.93,12.674
858.22,31.687,858.22,34.156,858.22,33.848
858.52,9.474,858.52,16.579,858.52,11.842
858.82,18.235,858.82,31.176,858.82,10
859.11,18.71,859.11,21.113,859.11,6.7
859.41,24.877,859.41,27.709,859.41,21.305
859.7,29.012,859.7,42.508,859.7,20.829
860,25.868,860,25.131,860,20.925
860.3,57.444,860.3,41.111,860.3,37.222
860.59,13.547,860.59,26.97,860.59,19.335
860.89,24.159,860.89,35.457,860.89,12.139
861.18,15.385,861.18,18.107,861.18,9.704
861.48,15.676,861.48,7.676,861.48,17.622
861.77,36.803,861.77,33.369,861.77,35.086
862.07,4.192,862.07,7.028,862.07,11.344
862.37,41.554,862.37,37.927,862.37,17.202
862.66,12.447,862.66,29.894,862.66,7.447
862.96,28.425,862.96,1.28,862.96,23.303
863.25,20.942,863.25,28.958,863.25,21.543
863.55,-9.55,863.55,-4.229,863.55,9.141
863.84,20.668,863.84,21.04,863.84,12.871
864.14,11.337,864.14,31.105,864.14,2.907
864.43,27.37,864.43,23.632,864.43,41.656
864.73,35.871,864.73,32.951,864.73,32.013
865.02,17.892,865.02,41.489,865.02,14.41
865.32,32.156,865.32,37.028,865.32,25.944
865.61,8.058,865.61,14.388,865.61,0.863
865.91,37.628,865.91,16.769,865.91,19.53
866.2,25.81,866.2,29.049,866.2,23.093
866.5,-7.61,866.5,20.961,866.5,35.113
866.79,23.104,866.79,29.405,866.79,11.669
867.09,16.918,867.09,20.393,867.09,26.435
867.38,7.869,867.38,37.651,867.38,4.843
867.68,12.955,867.68,26.856,867.68,21.727
867.97,11.49,867.97,16.414,867.97,15.657
868.26,7.178,868.26,17.822,868.26,25.248
868.56,21.243,868.56,12.203,868.56,4.633
868.85,24.089,868.85,21.875,868.85,21.484
869.15,17.52,869.15,33.423,869.15,10.782
869.44,14.677,869.44,30.011,869.44,9.091
869.73,31.164,869.73,20.15,869.73,32.791
870.03,30.855,870.03,26.766,870.03,22.677
870.32,17.076,870.32,6.21,870.32,1.682
870.62,29.2,870.62,19.467,870.62,17.381
870.91,25.947,870.91,39.411,870.91,18.373
871.2,23.345,871.2,33.217,871.2,27.991
871.5,14.046,871.5,4.897,871.5,14.82
871.79,-4.912,871.79,19.018,871.79,10.327
872.08,38.352,872.08,20.17,872.08,22.585
872.38,-1.56,872.38,22.627,872.38,-14.044
872.67,-3.636,872.67,22.81,872.67,8.926
872.97,-0.655,872.97,20.97,872.97,6.946
873.26,24.242,873.26,17.749,873.26,14.61
873.55,8.595,873.55,14.053,873.55,19.861
873.85,7.117,873.85,19.929,873.85,17.2
874.14,20.685,874.14,42.962,874.14,24.602
874.43,24.118,874.43,17.941,874.43,10.196
874.72,13.856,874.72,26.275,874.72,24.444
875.02,12.081,875.02,11.878,875.02,13.401
875.31,4.195,875.31,23.322,875.31,-12.248
875.6,16.461,875.6,17.558,875.6,34.156
875.9,17.003,875.9,24.761,875.9,14.772
876.19,22.884,876.19,21.839,876.19,11.703
876.48,15.783,876.48,18.887,876.48,7.245
876.77,10.172,876.77,15.809,876.77,6.985
877.07,22.533,877.07,27.649,877.07,16.078
877.36,19.746,877.36,20.323,877.36,19.63
877.65,13.258,877.65,11.142,877.65,-9.309
877.94,31.872,877.94,37.796,877.94,7.701
878.24,-11.057,878.24,13.391,878.24,10.934
878.53,2.122,878.53,15.855,878.53,38.077
878.82,23.584,878.82,15.029,878.82,23.699
879.11,13.703,879.11,24.895,879.11,16.946
879.4,8.593,879.4,20.05,879.4,13.699
879.7,20.701,879.7,19.344,879.7,5.769
879.99,19.115,879.99,26.365,879.99,11.394
880.28,6.941,880.28,-2.278,880.28,1.735
880.57,21.552,880.57,28.736,880.57,16.284
880.86,19.215,880.86,34.002,880.86,25.731
881.16,17.728,881.16,30.161,881.16,13.431
881.45,-2.21,881.45,23.552,881.45,14.329
881.74,5.457,881.74,24.081,881.74,11.447
882.03,19.374,882.03,18.003,882.03,18.731
882.32,19.374,882.32,18.003,882.32,18.731
882.61,19.374,882.61,18.003,882.61,18.731
